{"task_22/loss": 5.469301322591491e-05, "task_22/loss_ce": 0.00502821896225214, "task_22/loss_kd (logit)": 0.0007097427733242512, "task_22/loss_kd (att)": 0.00010960645886370912, "task_22/loss_mr (att)": 0.0, "task_22/loss_div": 0.6556587219238281, "task_22/loss_reg": 0.0, "task_22/train_top1": 100.0, "task_22/lr": 0.0005, "_timestamp": 1648013666, "_runtime": 7044, "_step": 475, "task_22/train_top5": 100.0, "val_top1": 79.9999997820173, "val_top1 (NME)": 61.42857142857143, "task_23/loss": 0.00015028752386569977, "task_23/loss_ce": 0.004563756287097931, "task_23/loss_kd (logit)": 1.0021965503692627, "task_23/loss_kd (att)": 0.016331568360328674, "task_23/loss_mr (att)": 0.0, "task_23/loss_div": 0.5886002779006958, "task_23/loss_reg": 0.0, "task_23/train_top1": 100.0, "task_23/lr": 0.0005, "task_23/train_top5": 100.0, "task_24/loss": 0.0010589512530714273, "task_24/loss_ce": 0.0009605297818779945, "task_24/loss_kd (logit)": 0.0013609037268906832, "task_24/loss_kd (att)": 0.0002476951922290027, "task_24/loss_mr (att)": 0.0, "task_24/loss_div": 0.5798983573913574, "task_24/loss_reg": 0.0, "task_24/train_top1": 100.0, "task_24/lr": 0.0005, "task_24/train_top5": 100.0, "task_25/loss": 0.00010338335414417088, "task_25/loss_ce": 0.000780899659730494, "task_25/loss_kd (logit)": 0.002124618738889694, "task_25/loss_kd (att)": 0.0003981483750976622, "task_25/loss_mr (att)": 0.0, "task_25/loss_div": 0.5389934778213501, "task_25/loss_reg": 0.0, "task_25/train_top1": 100.0, "task_25/lr": 0.0005, "task_25/train_top5": 100.0, "_wandb": {"runtime": 7045}}