{"task_0/loss": 0.5735137004831538, "task_0/loss_ce": 0.5108234570338507, "task_0/loss_kd (logit)": 0.0, "task_0/loss_kd (att)": 0.0, "task_0/loss_mr (att)": 0.0, "task_0/loss_div": 0.6269024147916196, "task_0/loss_reg": 0.0, "task_0/train_top1": 86.06965174129353, "task_0/lr": 0.001, "_timestamp": 1662278872, "_runtime": 1275, "_step": 16, "val_top1": 73.49397590361446, "val_top1 (NME)": 77.52750130958617, "_wandb": {"runtime": 1286}}