{"task_0/loss": 3.984896421432495, "task_0/loss_ce": 3.9239301681518555, "task_0/loss_kd (logit)": 0.0, "task_0/loss_kd (att)": 0.0, "task_0/loss_mr (att)": 0.0, "task_0/loss_div": 0.6096622943878174, "task_0/loss_reg": 0.0, "task_0/train_top1": 3.125, "task_0/lr": 0.001, "_timestamp": 1662180859, "_runtime": 30, "_step": 0, "_wandb": {"runtime": 132}}