{"task_0/loss": 0.08495948397287048, "task_0/loss_ce": 0.020224605133413513, "task_0/loss_kd (logit)": 0.0, "task_0/loss_kd (att)": 0.0, "task_0/loss_mr (att)": 0.0, "task_0/loss_div": 0.6473487704107077, "task_0/loss_reg": 0.0, "task_0/train_top1": 99.4740099009901, "task_0/lr": 1.0000000000000003e-05, "_timestamp": 1647626057, "_runtime": 15931, "_step": 491, "val_top1": 94.79166666666667, "val_top1 (NME)": 77.86458333333333, "task_1/loss": 0.000392334972275421, "task_1/loss_ce": 0.004673749208450317, "task_1/loss_kd (logit)": 1.184973955154419, "task_1/loss_kd (att)": 0.08507658541202545, "task_1/loss_mr (att)": 0.0, "task_1/loss_div": 0.6651242971420288, "task_1/loss_reg": 0.0, "task_1/train_top1": 100.0, "task_1/lr": 0.0005, "task_1/train_top5": 100.0, "task_2/loss": 0.0031549036502838135, "task_2/loss_ce": 0.0034941306803375483, "task_2/loss_kd (logit)": 0.010304242372512817, "task_2/loss_kd (att)": 0.009354164823889732, "task_2/loss_mr (att)": 0.0, "task_2/loss_div": 0.6213482022285461, "task_2/loss_reg": 0.0, "task_2/train_top1": 100.0, "task_2/lr": 0.0005, "task_2/train_top5": 100.0, "task_3/loss": 0.001329815131612122, "task_3/loss_ce": 0.0019005963113158941, "task_3/loss_kd (logit)": 1.0681054592132568, "task_3/loss_kd (att)": 0.08246467262506485, "task_3/loss_mr (att)": 0.0, "task_3/loss_div": 0.6185704469680786, "task_3/loss_reg": 0.0, "task_3/train_top1": 100.0, "task_3/lr": 0.0005, "task_3/train_top5": 100.0, "task_4/loss": 0.0007160454988479614, "task_4/loss_ce": 0.018406091257929802, "task_4/loss_kd (logit)": 1.0060102939605713, "task_4/loss_kd (att)": 0.06845468282699585, "task_4/loss_mr (att)": 0.0, "task_4/loss_div": 0.6102255582809448, "task_4/loss_reg": 0.0, "task_4/train_top1": 100.0, "task_4/lr": 0.0005, "task_4/train_top5": 100.0, "task_5/loss": 0.0026275673881173134, "task_5/loss_ce": 0.007877189666032791, "task_5/loss_kd (logit)": 0.2719182074069977, "task_5/loss_kd (att)": 0.052639637142419815, "task_5/loss_mr (att)": 0.0, "task_5/loss_div": 0.6364973783493042, "task_5/loss_reg": 0.0, "task_5/train_top1": 100.0, "task_5/lr": 0.0005, "task_5/train_top5": 100.0, "_wandb": {"runtime": 15932}}