{"task_1/loss": 6.527838706970215, "task_1/loss_ce": 6.400701999664307, "task_1/loss_kd (logit)": 1.1260814666748047, "task_1/loss_kd (att)": 0.11531226336956024, "task_1/loss_mr (att)": 0.0, "task_1/loss_div": 0.6711257100105286, "task_1/loss_reg": 0.0, "task_1/train_top1": 50.0, "task_1/lr": 0.001, "_timestamp": 1662283388, "_runtime": 43, "_step": 0, "_wandb": {"runtime": 721}}