{"task_9/loss": 0.005457967519760132, "task_9/loss_ce": 0.0002166432823287323, "task_9/loss_kd (logit)": 1.196867823600769, "task_9/loss_kd (att)": 0.09330980479717255, "task_9/loss_mr (att)": 0.0, "task_9/loss_div": 0.6471940279006958, "task_9/loss_reg": 0.0, "task_9/train_top1": 100.0, "task_9/lr": 0.0005, "_timestamp": 1647580001, "_runtime": 3777, "_step": 181, "task_9/train_top5": 100.0, "val_top1": 90.37433155080214, "val_top1 (NME)": 72.19251332818506, "task_10/loss": 0.0020398551132529974, "task_10/loss_ce": 0.026083050295710564, "task_10/loss_kd (logit)": 1.1512219905853271, "task_10/loss_kd (att)": 0.07403713464736938, "task_10/loss_mr (att)": 0.0, "task_10/loss_div": 0.6349689960479736, "task_10/loss_reg": 0.0, "task_10/train_top1": 100.0, "task_10/lr": 0.0005, "task_10/train_top5": 100.0, "_wandb": {"runtime": 3778}}