{"task_25/loss": 0.00018150615505874157, "task_25/loss_ce": 0.0007535400800406933, "task_25/loss_kd (logit)": 0.22202646732330322, "task_25/loss_kd (att)": 0.03642299771308899, "task_25/loss_mr (att)": 0.0, "task_25/loss_div": 0.6136577129364014, "task_25/loss_reg": 0.0, "task_25/train_top1": 100.0, "task_25/lr": 0.0005, "_timestamp": 1647529919, "_runtime": 1968, "_step": 121, "task_25/train_top5": 100.0, "val_top1": 81.42857142857143, "val_top1 (NME)": 60.0, "_wandb": {"runtime": 1968}}