{"task_0/loss": 0.08803260713668153, "task_0/loss_ce": 0.02494964778560472, "task_0/loss_kd (logit)": 0.0, "task_0/loss_kd (att)": 0.0, "task_0/loss_mr (att)": 0.0, "task_0/loss_div": 0.6308295850706572, "task_0/loss_reg": 0.0, "task_0/train_top1": 99.35024752475248, "task_0/lr": 1.0000000000000003e-05, "_timestamp": 1647520703, "_runtime": 32221, "_step": 2551, "val_top1": 87.14285670689173, "val_top1 (NME)": 57.142857142857146, "task_1/loss": 0.0009204060188494623, "task_1/loss_ce": 0.003916157875210047, "task_1/loss_kd (logit)": 0.22222337126731873, "task_1/loss_kd (att)": 0.06121424585580826, "task_1/loss_mr (att)": 0.0, "task_1/loss_div": 0.6529951095581055, "task_1/loss_reg": 0.0, "task_1/train_top1": 100.0, "task_1/lr": 0.0005, "task_1/train_top5": 100.0, "task_2/loss": 8.869693556334823e-05, "task_2/loss_ce": 0.0002712394925765693, "task_2/loss_kd (logit)": 0.21635356545448303, "task_2/loss_kd (att)": 0.06134459376335144, "task_2/loss_mr (att)": 0.0, "task_2/loss_div": 0.6312780976295471, "task_2/loss_reg": 0.0, "task_2/train_top1": 100.0, "task_2/lr": 0.0005, "task_2/train_top5": 100.0, "task_3/loss": 0.00038536021020263433, "task_3/loss_ce": 0.0005095421802252531, "task_3/loss_kd (logit)": 0.25974464416503906, "task_3/loss_kd (att)": 0.07265376299619675, "task_3/loss_mr (att)": 0.0, "task_3/loss_div": 0.5795042514801025, "task_3/loss_reg": 0.0, "task_3/train_top1": 100.0, "task_3/lr": 0.0005, "task_3/train_top5": 100.0, "task_4/loss": 0.0017063894774764776, "task_4/loss_ce": 0.0007233853684738278, "task_4/loss_kd (logit)": 0.2133144736289978, "task_4/loss_kd (att)": 0.05403312295675278, "task_4/loss_mr (att)": 0.0, "task_4/loss_div": 0.610594630241394, "task_4/loss_reg": 0.0, "task_4/train_top1": 100.0, "task_4/lr": 0.0005, "task_4/train_top5": 100.0, "task_5/loss": 0.0001416857703588903, "task_5/loss_ce": 0.0011505370493978262, "task_5/loss_kd (logit)": 0.2272113859653473, "task_5/loss_kd (att)": 0.04894261807203293, "task_5/loss_mr (att)": 0.0, "task_5/loss_div": 0.5896793007850647, "task_5/loss_reg": 0.0, "task_5/train_top1": 100.0, "task_5/lr": 0.0005, "task_5/train_top5": 100.0, "task_6/loss": 0.0015787363518029451, "task_6/loss_ce": 0.005422724410891533, "task_6/loss_kd (logit)": 0.22579780220985413, "task_6/loss_kd (att)": 0.048626162111759186, "task_6/loss_mr (att)": 0.0, "task_6/loss_div": 0.6256593465805054, "task_6/loss_reg": 0.0, "task_6/train_top1": 100.0, "task_6/lr": 0.0005, "task_6/train_top5": 100.0, "task_7/loss": 0.0006404926534742117, "task_7/loss_ce": 0.0006326488801278174, "task_7/loss_kd (logit)": 0.230635866522789, "task_7/loss_kd (att)": 0.05765780806541443, "task_7/loss_mr (att)": 0.0, "task_7/loss_div": 0.6059085726737976, "task_7/loss_reg": 0.0, "task_7/train_top1": 100.0, "task_7/lr": 0.0005, "task_7/train_top5": 100.0, "task_8/loss": 0.0001957681670319289, "task_8/loss_ce": 0.00139438989572227, "task_8/loss_kd (logit)": 0.22044655680656433, "task_8/loss_kd (att)": 0.051012683659791946, "task_8/loss_mr (att)": 0.0, "task_8/loss_div": 0.6076781749725342, "task_8/loss_reg": 0.0, "task_8/train_top1": 100.0, "task_8/lr": 0.0005, "task_8/train_top5": 100.0, "task_9/loss": 8.161921141436324e-05, "task_9/loss_ce": 0.001232753274962306, "task_9/loss_kd (logit)": 0.2219230830669403, "task_9/loss_kd (att)": 0.04794690012931824, "task_9/loss_mr (att)": 0.0, "task_9/loss_div": 0.5996498465538025, "task_9/loss_reg": 0.0, "task_9/train_top1": 100.0, "task_9/lr": 0.0005, "task_9/train_top5": 100.0, "task_10/loss": 0.00043152528814971447, "task_10/loss_ce": 0.0006103234481997788, "task_10/loss_kd (logit)": 0.21516212821006775, "task_10/loss_kd (att)": 0.04754277318716049, "task_10/loss_mr (att)": 0.0, "task_10/loss_div": 0.6124793887138367, "task_10/loss_reg": 0.0, "task_10/train_top1": 100.0, "task_10/lr": 0.0005, "task_10/train_top5": 100.0, "task_11/loss": 0.00027780147502198815, "task_11/loss_ce": 0.00033186448854394257, "task_11/loss_kd (logit)": 0.21620357036590576, "task_11/loss_kd (att)": 0.05183696001768112, "task_11/loss_mr (att)": 0.0, "task_11/loss_div": 0.6232861876487732, "task_11/loss_reg": 0.0, "task_11/train_top1": 100.0, "task_11/lr": 0.0005, "task_11/train_top5": 100.0, "task_12/loss": 0.0002379601646680385, "task_12/loss_ce": 0.003701930632814765, "task_12/loss_kd (logit)": 0.22422228753566742, "task_12/loss_kd (att)": 0.04913020133972168, "task_12/loss_mr (att)": 0.0, "task_12/loss_div": 0.6002134084701538, "task_12/loss_reg": 0.0, "task_12/train_top1": 100.0, "task_12/lr": 0.0005, "task_12/train_top5": 100.0, "task_13/loss": 0.00010313869279343635, "task_13/loss_ce": 0.0005352136795409024, "task_13/loss_kd (logit)": 0.23383116722106934, "task_13/loss_kd (att)": 0.060704298317432404, "task_13/loss_mr (att)": 0.0, "task_13/loss_div": 0.5356894135475159, "task_13/loss_reg": 0.0, "task_13/train_top1": 100.0, "task_13/lr": 0.0005, "task_13/train_top5": 100.0, "task_14/loss": 0.00010242807911708951, "task_14/loss_ce": 0.003436917904764414, "task_14/loss_kd (logit)": 0.2294347882270813, "task_14/loss_kd (att)": 0.051014937460422516, "task_14/loss_mr (att)": 0.0, "task_14/loss_div": 0.5989240407943726, "task_14/loss_reg": 0.0, "task_14/train_top1": 100.0, "task_14/lr": 0.0005, "task_14/train_top5": 100.0, "task_15/loss": 7.627796730957925e-05, "task_15/loss_ce": 0.001854481641203165, "task_15/loss_kd (logit)": 0.22068500518798828, "task_15/loss_kd (att)": 0.04857347160577774, "task_15/loss_mr (att)": 0.0, "task_15/loss_div": 0.5825239419937134, "task_15/loss_reg": 0.0, "task_15/train_top1": 100.0, "task_15/lr": 0.0005, "task_15/train_top5": 100.0, "task_16/loss": 0.0007989945006556809, "task_16/loss_ce": 0.00028584094252437353, "task_16/loss_kd (logit)": 0.21769186854362488, "task_16/loss_kd (att)": 0.03653940558433533, "task_16/loss_mr (att)": 0.0, "task_16/loss_div": 0.5587813854217529, "task_16/loss_reg": 0.0, "task_16/train_top1": 100.0, "task_16/lr": 0.0005, "task_16/train_top5": 100.0, "task_17/loss": 0.00029109642491675913, "task_17/loss_ce": 0.0004901724751107395, "task_17/loss_kd (logit)": 0.22147105634212494, "task_17/loss_kd (att)": 0.03556564077734947, "task_17/loss_mr (att)": 0.0, "task_17/loss_div": 0.5980979204177856, "task_17/loss_reg": 0.0, "task_17/train_top1": 100.0, "task_17/lr": 0.0005, "task_17/train_top5": 100.0, "task_18/loss": 0.0005665467469953001, "task_18/loss_ce": 0.051111459732055664, "task_18/loss_kd (logit)": 0.22156313061714172, "task_18/loss_kd (att)": 0.04397540166974068, "task_18/loss_mr (att)": 0.0, "task_18/loss_div": 0.6340123414993286, "task_18/loss_reg": 0.0, "task_18/train_top1": 100.0, "task_18/lr": 0.0005, "task_18/train_top5": 100.0, "task_19/loss": 0.00035945835406892, "task_19/loss_ce": 0.0001693566155154258, "task_19/loss_kd (logit)": 0.21944954991340637, "task_19/loss_kd (att)": 0.037002746015787125, "task_19/loss_mr (att)": 0.0, "task_19/loss_div": 0.6443213224411011, "task_19/loss_reg": 0.0, "task_19/train_top1": 100.0, "task_19/lr": 0.0005, "task_19/train_top5": 100.0, "task_20/loss": 0.004970633424818516, "task_20/loss_ce": 0.0003490289091132581, "task_20/loss_kd (logit)": 0.21789994835853577, "task_20/loss_kd (att)": 0.04340231791138649, "task_20/loss_mr (att)": 0.0, "task_20/loss_div": 0.6071128845214844, "task_20/loss_reg": 0.0, "task_20/train_top1": 100.0, "task_20/lr": 0.0005, "task_20/train_top5": 100.0, "task_21/loss": 0.0002989108907058835, "task_21/loss_ce": 0.0004737394046969712, "task_21/loss_kd (logit)": 0.20681026577949524, "task_21/loss_kd (att)": 0.04022505506873131, "task_21/loss_mr (att)": 0.0, "task_21/loss_div": 0.6568440198898315, "task_21/loss_reg": 0.0, "task_21/train_top1": 100.0, "task_21/lr": 0.0005, "task_21/train_top5": 100.0, "task_22/loss": 0.000318641250487417, "task_22/loss_ce": 0.002112796064466238, "task_22/loss_kd (logit)": 0.21385231614112854, "task_22/loss_kd (att)": 0.04378404840826988, "task_22/loss_mr (att)": 0.0, "task_22/loss_div": 0.6520024538040161, "task_22/loss_reg": 0.0, "task_22/train_top1": 100.0,