{"task_5/loss": 0.003772223833948374, "task_5/loss_ce": 0.044009651988744736, "task_5/loss_kd (logit)": 1.16243577003479, "task_5/loss_kd (att)": 0.09055332839488983, "task_5/loss_mr (att)": 0.0, "task_5/loss_div": 0.6457436680793762, "task_5/loss_reg": 0.0, "task_5/train_top1": 100.0, "task_5/lr": 0.0005, "_timestamp": 1649004294, "_runtime": 2501, "_step": 81, "task_5/train_top5": 100.0, "val_top1": 88.91752577319588, "val_top1 (NME)": 81.44329896907216, "_wandb": {"runtime": 2501}}