{"task_11/loss": 0.0007593606715090573, "task_11/loss_ce": 0.00043441582238301635, "task_11/loss_kd (logit)": 0.04176183417439461, "task_11/loss_kd (att)": 0.023390021175146103, "task_11/loss_mr (att)": 0.0, "task_11/loss_div": 0.6159220933914185, "task_11/loss_reg": 0.0, "task_11/train_top1": 100.0, "task_11/lr": 0.0005, "_timestamp": 1646762118, "_runtime": 21733, "_step": 1619, "task_11/train_top5": 100.0, "val_top1": 87.14285670689173, "val_top1 (NME)": 62.85714263916016, "task_12/loss": 0.0047173211351037025, "task_12/loss_ce": 0.0009782164124771953, "task_12/loss_kd (logit)": 0.006135859992355108, "task_12/loss_kd (att)": 0.007707342505455017, "task_12/loss_mr (att)": 0.0, "task_12/loss_div": 0.6125690937042236, "task_12/loss_reg": 0.0, "task_12/train_top1": 100.0, "task_12/lr": 0.0005, "task_12/train_top5": 100.0, "task_13/loss": 0.00022549212735611945, "task_13/loss_ce": 0.004345623776316643, "task_13/loss_kd (logit)": 0.09253527969121933, "task_13/loss_kd (att)": 0.03124230168759823, "task_13/loss_mr (att)": 0.0, "task_13/loss_div": 0.5225868225097656, "task_13/loss_reg": 0.0, "task_13/train_top1": 100.0, "task_13/lr": 0.0005, "task_13/train_top5": 100.0, "task_14/loss": 0.0005366262630559504, "task_14/loss_ce": 0.0032608197070658207, "task_14/loss_kd (logit)": 0.0030746744014322758, "task_14/loss_kd (att)": 0.0019302486907690763, "task_14/loss_mr (att)": 0.0, "task_14/loss_div": 0.5646890997886658, "task_14/loss_reg": 0.0, "task_14/train_top1": 100.0, "task_14/lr": 0.0005, "task_14/train_top5": 100.0, "task_15/loss": 0.00024377121008001268, "task_15/loss_ce": 0.0009149840334430337, "task_15/loss_kd (logit)": 0.89565110206604, "task_15/loss_kd (att)": 0.05883781239390373, "task_15/loss_mr (att)": 0.0, "task_15/loss_div": 0.5781064033508301, "task_15/loss_reg": 0.0, "task_15/train_top1": 100.0, "task_15/lr": 0.0005, "task_15/train_top5": 100.0, "task_16/loss": 0.0011677893344312906, "task_16/loss_ce": 0.003412193153053522, "task_16/loss_kd (logit)": 0.01398206502199173, "task_16/loss_kd (att)": 0.010102614760398865, "task_16/loss_mr (att)": 0.0, "task_16/loss_div": 0.5181098580360413, "task_16/loss_reg": 0.0, "task_16/train_top1": 100.0, "task_16/lr": 0.0005, "task_16/train_top5": 100.0, "task_17/loss": 8.242187323048711e-05, "task_17/loss_ce": 0.0005416746716946363, "task_17/loss_kd (logit)": 0.007464890368282795, "task_17/loss_kd (att)": 0.007641276344656944, "task_17/loss_mr (att)": 0.0, "task_17/loss_div": 0.5392485857009888, "task_17/loss_reg": 0.0, "task_17/train_top1": 100.0, "task_17/lr": 0.0005, "task_17/train_top5": 100.0, "task_18/loss": 0.0029685869812965393, "task_18/loss_ce": 0.0007035958115011454, "task_18/loss_kd (logit)": 0.020825333893299103, "task_18/loss_kd (att)": 0.010824889875948429, "task_18/loss_mr (att)": 0.0, "task_18/loss_div": 0.5936684608459473, "task_18/loss_reg": 0.0, "task_18/train_top1": 100.0, "task_18/lr": 0.0005, "task_18/train_top5": 100.0, "task_19/loss": 0.00020685046911239624, "task_19/loss_ce": 0.004416797775775194, "task_19/loss_kd (logit)": 0.29149094223976135, "task_19/loss_kd (att)": 0.033937614411115646, "task_19/loss_mr (att)": 0.0, "task_19/loss_div": 0.6107476353645325, "task_19/loss_reg": 0.0, "task_19/train_top1": 100.0, "task_19/lr": 0.0005, "task_19/train_top5": 100.0, "task_20/loss": 0.00013282944564707577, "task_20/loss_ce": 0.0005243734922260046, "task_20/loss_kd (logit)": 0.10220099985599518, "task_20/loss_kd (att)": 0.016708185896277428, "task_20/loss_mr (att)": 0.0, "task_20/loss_div": 0.5917229652404785, "task_20/loss_reg": 0.0, "task_20/train_top1": 100.0, "task_20/lr": 0.0005, "task_20/train_top5": 100.0, "task_21/loss": 0.010658444836735725, "task_21/loss_ce": 0.0005121383583173156, "task_21/loss_kd (logit)": 0.015323415398597717, "task_21/loss_kd (att)": 0.00590426754206419, "task_21/loss_mr (att)": 0.0, "task_21/loss_div": 0.6012296080589294, "task_21/loss_reg": 0.0, "task_21/train_top1": 100.0, "task_21/lr": 0.0005, "task_21/train_top5": 100.0, "task_22/loss": 0.00015415324014611542, "task_22/loss_ce": 0.00026477809296920896, "task_22/loss_kd (logit)": 0.019321277737617493, "task_22/loss_kd (att)": 0.0075554619543254375, "task_22/loss_mr (att)": 0.0, "task_22/loss_div": 0.6135835647583008, "task_22/loss_reg": 0.0, "task_22/train_top1": 100.0, "task_22/lr": 0.0005, "task_22/train_top5": 100.0, "task_23/loss": 0.0003158467006869614, "task_23/loss_ce": 0.0032101247925311327, "task_23/loss_kd (logit)": 0.3454802632331848, "task_23/loss_kd (att)": 0.04444698616862297, "task_23/loss_mr (att)": 0.0, "task_23/loss_div": 0.6433107852935791, "task_23/loss_reg": 0.0, "task_23/train_top1": 100.0, "task_23/lr": 0.0005, "task_23/train_top5": 100.0, "task_24/loss": 0.00013377776485867798, "task_24/loss_ce": 0.0004876810126006603, "task_24/loss_kd (logit)": 0.0076623717322945595, "task_24/loss_kd (att)": 0.004779714159667492, "task_24/loss_mr (att)": 0.0, "task_24/loss_div": 0.606299102306366, "task_24/loss_reg": 0.0, "task_24/train_top1": 100.0, "task_24/lr": 0.0005, "task_24/train_top5": 100.0, "task_25/loss": 0.0007397501030936837, "task_25/loss_ce": 0.00920314434915781, "task_25/loss_kd (logit)": 0.005544567480683327, "task_25/loss_kd (att)": 0.003734343219548464, "task_25/loss_mr (att)": 0.0, "task_25/loss_div": 0.5759976506233215, "task_25/loss_reg": 0.0, "task_25/train_top1": 100.0, "task_25/lr": 0.0005, "task_25/train_top5": 100.0, "_wandb": {"runtime": 21734}}