{"task_0/loss": 4.0086469650268555, "task_0/loss_ce": 3.940035343170166, "task_0/loss_kd (logit)": 0.0, "task_0/loss_kd (att)": 0.0, "task_0/loss_mr (att)": 0.0, "task_0/loss_div": 0.6861182451248169, "task_0/loss_reg": 0.0, "task_0/train_top1": 0.0, "task_0/lr": 0.001, "_timestamp": 1662273846, "_runtime": 16, "_step": 0, "_wandb": {"runtime": 26}}