{"task_0/loss": 0.08594886903272997, "task_0/loss_ce": 0.022426779645306087, "task_0/loss_kd (logit)": 0.0, "task_0/loss_kd (att)": 0.0, "task_0/loss_mr (att)": 0.0, "task_0/loss_div": 0.6352208776049094, "task_0/loss_reg": 0.0, "task_0/train_top1": 99.4740099009901, "task_0/lr": 1.0000000000000003e-05, "_timestamp": 1648166209, "_runtime": 38307, "_step": 2551, "val_top1": 84.84848484848484, "val_top1 (NME)": 66.66666666666667, "task_1/loss": 0.0006711510941386223, "task_1/loss_ce": 0.00027782595134340227, "task_1/loss_kd (logit)": 1.153221845626831, "task_1/loss_kd (att)": 0.08170516788959503, "task_1/loss_mr (att)": 0.0, "task_1/loss_div": 0.6669621467590332, "task_1/loss_reg": 0.0, "task_1/train_top1": 100.0, "task_1/lr": 0.0005, "task_1/train_top5": 100.0, "task_2/loss": 0.0006864457973279059, "task_2/loss_ce": 0.00043652436579577625, "task_2/loss_kd (logit)": 1.123046636581421, "task_2/loss_kd (att)": 0.06394539773464203, "task_2/loss_mr (att)": 0.0, "task_2/loss_div": 0.638121485710144, "task_2/loss_reg": 0.0, "task_2/train_top1": 100.0, "task_2/lr": 0.0005, "task_2/train_top5": 100.0, "task_3/loss": 0.000358608114765957, "task_3/loss_ce": 0.021092204377055168, "task_3/loss_kd (logit)": 1.1425071954727173, "task_3/loss_kd (att)": 0.07585671544075012, "task_3/loss_mr (att)": 0.0, "task_3/loss_div": 0.6570795774459839, "task_3/loss_reg": 0.0, "task_3/train_top1": 100.0, "task_3/lr": 0.0005, "task_3/train_top5": 100.0, "task_4/loss": 0.0003942554467357695, "task_4/loss_ce": 0.00026225141482427716, "task_4/loss_kd (logit)": 1.1259022951126099, "task_4/loss_kd (att)": 0.07037342339754105, "task_4/loss_mr (att)": 0.0, "task_4/loss_div": 0.6549946069717407, "task_4/loss_reg": 0.0, "task_4/train_top1": 100.0, "task_4/lr": 0.0005, "task_4/train_top5": 100.0, "task_5/loss": 0.00022198625083547086, "task_5/loss_ce": 0.011054251343011856, "task_5/loss_kd (logit)": 1.1278867721557617, "task_5/loss_kd (att)": 0.07595331966876984, "task_5/loss_mr (att)": 0.0, "task_5/loss_div": 0.6264544725418091, "task_5/loss_reg": 0.0, "task_5/train_top1": 100.0, "task_5/lr": 0.0005, "task_5/train_top5": 100.0, "task_6/loss": 0.0002561202272772789, "task_6/loss_ce": 0.025757554918527603, "task_6/loss_kd (logit)": 1.1206696033477783, "task_6/loss_kd (att)": 0.07648739218711853, "task_6/loss_mr (att)": 0.0, "task_6/loss_div": 0.6275931596755981, "task_6/loss_reg": 0.0, "task_6/train_top1": 100.0, "task_6/lr": 0.0005, "task_6/train_top5": 100.0, "task_7/loss": 0.00017774941807147115, "task_7/loss_ce": 0.0004989125300198793, "task_7/loss_kd (logit)": 1.1019883155822754, "task_7/loss_kd (att)": 0.060179080814123154, "task_7/loss_mr (att)": 0.0, "task_7/loss_div": 0.5775176882743835, "task_7/loss_reg": 0.0, "task_7/train_top1": 100.0, "task_7/lr": 0.0005, "task_7/train_top5": 100.0, "task_8/loss": 0.00015648797852918506, "task_8/loss_ce": 0.00027051311917603016, "task_8/loss_kd (logit)": 1.1314828395843506, "task_8/loss_kd (att)": 0.08136972784996033, "task_8/loss_mr (att)": 0.0, "task_8/loss_div": 0.6260578632354736, "task_8/loss_reg": 0.0, "task_8/train_top1": 100.0, "task_8/lr": 0.0005, "task_8/train_top5": 100.0, "task_9/loss": 0.00025846814969554543, "task_9/loss_ce": 0.0021213351283222437, "task_9/loss_kd (logit)": 1.108183741569519, "task_9/loss_kd (att)": 0.06541108340024948, "task_9/loss_mr (att)": 0.0, "task_9/loss_div": 0.5616004467010498, "task_9/loss_reg": 0.0, "task_9/train_top1": 100.0, "task_9/lr": 0.0005, "task_9/train_top5": 100.0, "task_10/loss": 0.00015143326891120523, "task_10/loss_ce": 0.0009685370023362339, "task_10/loss_kd (logit)": 1.1028915643692017, "task_10/loss_kd (att)": 0.06574266403913498, "task_10/loss_mr (att)": 0.0, "task_10/loss_div": 0.5713872909545898, "task_10/loss_reg": 0.0, "task_10/train_top1": 100.0, "task_10/lr": 0.0005, "task_10/train_top5": 100.0, "task_11/loss": 0.0005203645559959114, "task_11/loss_ce": 0.0006113193230703473, "task_11/loss_kd (logit)": 1.1036298274993896, "task_11/loss_kd (att)": 0.06001943349838257, "task_11/loss_mr (att)": 0.0, "task_11/loss_div": 0.5822113156318665, "task_11/loss_reg": 0.0, "task_11/train_top1": 100.0, "task_11/lr": 0.0005, "task_11/train_top5": 100.0, "task_12/loss": 0.002327636117115617, "task_12/loss_ce": 0.0004369984962977469, "task_12/loss_kd (logit)": 1.0984916687011719, "task_12/loss_kd (att)": 0.05029910057783127, "task_12/loss_mr (att)": 0.0, "task_12/loss_div": 0.6475804448127747, "task_12/loss_reg": 0.0, "task_12/train_top1": 100.0, "task_12/lr": 0.0005, "task_12/train_top5": 100.0, "task_13/loss": 0.0018991339020431042, "task_13/loss_ce": 0.0005121849826537073, "task_13/loss_kd (logit)": 1.103020191192627, "task_13/loss_kd (att)": 0.05995945632457733, "task_13/loss_mr (att)": 0.0, "task_13/loss_div": 0.63257896900177, "task_13/loss_reg": 0.0, "task_13/train_top1": 100.0, "task_13/lr": 0.0005, "task_13/train_top5": 100.0, "task_14/loss": 0.00022527718101628125, "task_14/loss_ce": 0.0001889251871034503, "task_14/loss_kd (logit)": 1.0848183631896973, "task_14/loss_kd (att)": 0.04896450787782669, "task_14/loss_mr (att)": 0.0, "task_14/loss_div": 0.5391848087310791, "task_14/loss_reg": 0.0, "task_14/train_top1": 100.0, "task_14/lr": 0.0005, "task_14/train_top5": 100.0, "task_15/loss": 0.0017920777900144458, "task_15/loss_ce": 0.00021518298308365047, "task_15/loss_kd (logit)": 1.0963826179504395, "task_15/loss_kd (att)": 0.0569055899977684, "task_15/loss_mr (att)": 0.0, "task_15/loss_div": 0.6887639760971069, "task_15/loss_reg": 0.0, "task_15/train_top1": 100.0, "task_15/lr": 0.0005, "task_15/train_top5": 100.0, "task_16/loss": 0.0007001598132774234, "task_16/loss_ce": 0.011092057451605797, "task_16/loss_kd (logit)": 1.104195237159729, "task_16/loss_kd (att)": 0.07024653255939484, "task_16/loss_mr (att)": 0.0, "task_16/loss_div": 0.6295106410980225, "task_16/loss_reg": 0.0, "task_16/train_top1": 100.0, "task_16/lr": 0.0005, "task_16/train_top5": 100.0, "task_17/loss": 0.045699410140514374, "task_17/loss_ce": 0.00050368532538414, "task_17/loss_kd (logit)": 1.1104539632797241, "task_17/loss_kd (att)": 0.07038558274507523, "task_17/loss_mr (att)": 0.0, "task_17/loss_div": 0.6460317373275757, "task_17/loss_reg": 0.0, "task_17/train_top1": 96.875, "task_17/lr": 0.0005, "task_17/train_top5": 100.0, "task_18/loss": 0.0057916296645998955, "task_18/loss_ce": 0.0014573188964277506, "task_18/loss_kd (logit)": 1.0895979404449463, "task_18/loss_kd (att)": 0.06056966632604599, "task_18/loss_mr (att)": 0.0, "task_18/loss_div": 0.5990303754806519, "task_18/loss_reg": 0.0, "task_18/train_top1": 100.0, "task_18/lr": 0.0005, "task_18/train_top5": 100.0, "task_19/loss": 0.0009713270119391382, "task_19/loss_ce": 0.0003460689913481474, "task_19/loss_kd (logit)": 1.095387578010559, "task_19/loss_kd (att)": 0.05883682146668434, "task_19/loss_mr (att)": 0.0, "task_19/loss_div": 0.579627513885498, "task_19/loss_reg": 0.0, "task_19/train_top1": 100.0, "task_19/lr": 0.0005, "task_19/train_top5": 100.0, "task_20/loss": 0.004312900826334953, "task_20/loss_ce": 0.008782291784882545, "task_20/loss_kd (logit)": 1.0962049961090088, "task_20/loss_kd (att)": 0.06710561364889145, "task_20/loss_mr (att)": 0.0, "task_20/loss_div": 0.5285887718200684, "task_20/loss_reg": 0.0, "task_20/train_top1": 100.0, "task_20/lr": 0.0005, "task_20/train_top5": 100.0, "task_21/loss": 0.0006588352262042463, "task_21/loss_ce": 0.0007578938966616988, "task_21/loss_kd (logit)": 1.0987014770507812, "task_21/loss_kd (att)": 0.07060693949460983, "task_21/loss_mr (att)": 0.0, "task_21/loss_div": 0.5354664325714111, "task_21/loss_reg": 0.0, "task_21/train_top1": 100.0, "task_21/lr": 0.0005, "task_21/train_top5": 100.0, "task_22/loss": 0.0011671324027702212, "task_22/loss_ce": 0.0007807534420862794, "task_22/loss_kd (logit)": 1.0893182754516602, "task_22/loss_kd (att)": 0.07066839933395386, "task_22/loss_mr (att)": 0.0, "task_22/loss_div": 0.5165902972221375, "task_22/loss_reg": 0.0, "task_22/train_top1": 100.0, "task_22/lr": 0.0005,