{"task_0/loss": 1.3240697383880615, "task_0/loss_ce": 1.2556207180023193, "task_0/loss_kd (logit)": 0.0, "task_0/loss_kd (att)": 0.0, "task_0/loss_mr (att)": 0.0, "task_0/loss_div": 0.6844896078109741, "task_0/loss_reg": 0.0, "task_0/train_top1": 59.375, "task_0/lr": 0.001, "_timestamp": 1646967092, "_runtime": 399, "_step": 8, "_wandb": {"runtime": 442}}