{"task_0/loss": 3.9906130427181132, "task_0/loss_ce": 3.928418013128904, "task_0/loss_kd (logit)": 0.0, "task_0/loss_kd (att)": 0.0, "task_0/loss_mr (att)": 0.0, "task_0/loss_div": 0.6219502297958525, "task_0/loss_reg": 0.0, "task_0/train_top1": 2.8465346534653464, "task_0/lr": 0.001, "_timestamp": 1646721639, "_runtime": 558, "_step": 20, "val_top1": 7.019381875327396, "val_top1 (NME)": 50.235725510738604, "task_1/loss": 3.9058780670166016, "task_1/loss_ce": 3.7596757411956787, "task_1/loss_kd (logit)": 0.279010534286499, "task_1/loss_kd (att)": 0.03340878337621689, "task_1/loss_mr (att)": 0.0, "task_1/loss_div": 0.6099555492401123, "task_1/loss_reg": 0.0, "task_1/train_top1": 9.375, "task_1/lr": 0.0005, "task_1/train_top5": 28.125, "_wandb": {"runtime": 559}}