{"task_0/loss": 0.08803260713668153, "task_0/loss_ce": 0.02494964778560472, "task_0/loss_kd (logit)": 0.0, "task_0/loss_kd (att)": 0.0, "task_0/loss_mr (att)": 0.0, "task_0/loss_div": 0.6308295850706572, "task_0/loss_reg": 0.0, "task_0/train_top1": 99.35024752475248, "task_0/lr": 1.0000000000000003e-05, "_timestamp": 1647771242, "_runtime": 5933, "_step": 170, "val_top1": 84.86118386589838, "val_top1 (NME)": 82.2420115243583, "task_1/loss": 0.0009880349971354008, "task_1/loss_ce": 0.0006678621284663677, "task_1/loss_kd (logit)": 1.163819670677185, "task_1/loss_kd (att)": 0.023152891546487808, "task_1/loss_mr (att)": 0.0, "task_1/loss_div": 0.6539511680603027, "task_1/loss_reg": 0.0, "task_1/train_top1": 100.0, "task_1/lr": 0.0005, "task_1/train_top5": 100.0, "_wandb": {"runtime": 5941}}