{"task_5/loss": 0.0011852610623463988, "task_5/loss_ce": 0.011872220784425735, "task_5/loss_kd (logit)": 1.1693787574768066, "task_5/loss_kd (att)": 0.09944495558738708, "task_5/loss_mr (att)": 0.0, "task_5/loss_div": 0.6443790793418884, "task_5/loss_reg": 0.0, "task_5/train_top1": 100.0, "task_5/lr": 0.0005, "_timestamp": 1649048953, "_runtime": 3230, "_step": 81, "task_5/train_top5": 100.0, "val_top1": 85.30927835051547, "val_top1 (NME)": 76.54639175257732, "_wandb": {"runtime": 3231}}