{"task_0/loss": 0.08435473259132688, "task_0/loss_ce": 0.020805219843600977, "task_0/loss_kd (logit)": 0.0, "task_0/loss_kd (att)": 0.0, "task_0/loss_mr (att)": 0.0, "task_0/loss_div": 0.6354951168050861, "task_0/loss_reg": 0.0, "task_0/train_top1": 99.53589108910892, "task_0/lr": 1.0000000000000003e-05, "_timestamp": 1648999448, "_runtime": 18104, "_step": 433, "val_top1": 93.9473682604338, "val_top1 (NME)": 79.21052623548006, "task_1/loss": 0.00019401396275497973, "task_1/loss_ce": 0.006730369757860899, "task_1/loss_kd (logit)": 1.1770728826522827, "task_1/loss_kd (att)": 0.09472687542438507, "task_1/loss_mr (att)": 0.0, "task_1/loss_div": 0.6256888508796692, "task_1/loss_reg": 0.0, "task_1/train_top1": 100.0, "task_1/lr": 0.0005, "task_1/train_top5": 100.0, "task_2/loss": 0.00029180129058659077, "task_2/loss_ce": 0.00037813009112142026, "task_2/loss_kd (logit)": 1.166483759880066, "task_2/loss_kd (att)": 0.08579456806182861, "task_2/loss_mr (att)": 0.0, "task_2/loss_div": 0.6088424324989319, "task_2/loss_reg": 0.0, "task_2/train_top1": 100.0, "task_2/lr": 0.0005, "task_2/train_top5": 100.0, "task_3/loss": 0.0014735646545886993, "task_3/loss_ce": 0.02888166718184948, "task_3/loss_kd (logit)": 1.1902885437011719, "task_3/loss_kd (att)": 0.10290689021348953, "task_3/loss_mr (att)": 0.0, "task_3/loss_div": 0.6120885014533997, "task_3/loss_reg": 0.0, "task_3/train_top1": 100.0, "task_3/lr": 0.0005, "task_3/train_top5": 100.0, "task_4/loss": 0.00037770517519675195, "task_4/loss_ce": 0.0007311486406251788, "task_4/loss_kd (logit)": 1.1534113883972168, "task_4/loss_kd (att)": 0.08317743241786957, "task_4/loss_mr (att)": 0.0, "task_4/loss_div": 0.6211581826210022, "task_4/loss_reg": 0.0, "task_4/train_top1": 100.0, "task_4/lr": 0.0005, "task_4/train_top5": 100.0, "task_5/loss": 0.13416677713394165, "task_5/loss_ce": 0.002482194919139147, "task_5/loss_kd (logit)": 1.187107801437378, "task_5/loss_kd (att)": 0.09435292333364487, "task_5/loss_mr (att)": 0.0, "task_5/loss_div": 0.6756815910339355, "task_5/loss_reg": 0.0, "task_5/train_top1": 100.0, "task_5/lr": 0.0001, "_wandb": {"runtime": 18108}}