{"task_0/loss": 0.08803260713668153, "task_0/loss_ce": 0.02494964778560472, "task_0/loss_kd (logit)": 0.0, "task_0/loss_kd (att)": 0.0, "task_0/loss_mr (att)": 0.0, "task_0/loss_div": 0.6308295850706572, "task_0/loss_reg": 0.0, "task_0/train_top1": 99.35024752475248, "task_0/lr": 1.0000000000000003e-05, "_timestamp": 1647715273, "_runtime": 36544, "_step": 2551, "val_top1": 90.0, "val_top1 (NME)": 58.57142846243722, "task_1/loss": 0.00075526227010414, "task_1/loss_ce": 0.001760993618518114, "task_1/loss_kd (logit)": 1.1444934606552124, "task_1/loss_kd (att)": 0.07749562710523605, "task_1/loss_mr (att)": 0.0, "task_1/loss_div": 0.6516375541687012, "task_1/loss_reg": 0.0, "task_1/train_top1": 100.0, "task_1/lr": 0.0005, "task_1/train_top5": 100.0, "task_2/loss": 0.0027846824377775192, "task_2/loss_ce": 0.00021691698930226266, "task_2/loss_kd (logit)": 0.27840179204940796, "task_2/loss_kd (att)": 0.0471133217215538, "task_2/loss_mr (att)": 0.0, "task_2/loss_div": 0.6271222233772278, "task_2/loss_reg": 0.0, "task_2/train_top1": 100.0, "task_2/lr": 0.0005, "task_2/train_top5": 100.0, "task_3/loss": 0.0003475989506114274, "task_3/loss_ce": 0.0003130085242446512, "task_3/loss_kd (logit)": 0.0135474419221282, "task_3/loss_kd (att)": 0.01764545775949955, "task_3/loss_mr (att)": 0.0, "task_3/loss_div": 0.5605096817016602, "task_3/loss_reg": 0.0, "task_3/train_top1": 100.0, "task_3/lr": 0.0005, "task_3/train_top5": 100.0, "task_4/loss": 0.00398318050429225, "task_4/loss_ce": 0.0008981975261121988, "task_4/loss_kd (logit)": 0.004803071729838848, "task_4/loss_kd (att)": 0.007706096861511469, "task_4/loss_mr (att)": 0.0, "task_4/loss_div": 0.602864682674408, "task_4/loss_reg": 0.0, "task_4/train_top1": 100.0, "task_4/lr": 0.0005, "task_4/train_top5": 100.0, "task_5/loss": 0.0006767328013665974, "task_5/loss_ce": 0.003807489760220051, "task_5/loss_kd (logit)": 0.15752074122428894, "task_5/loss_kd (att)": 0.03655068948864937, "task_5/loss_mr (att)": 0.0, "task_5/loss_div": 0.5743436813354492, "task_5/loss_reg": 0.0, "task_5/train_top1": 100.0, "task_5/lr": 0.0005, "task_5/train_top5": 100.0, "task_6/loss": 0.00013151051825843751, "task_6/loss_ce": 0.0004935166798532009, "task_6/loss_kd (logit)": 0.04987258464097977, "task_6/loss_kd (att)": 0.018552206456661224, "task_6/loss_mr (att)": 0.0, "task_6/loss_div": 0.6069998145103455, "task_6/loss_reg": 0.0, "task_6/train_top1": 100.0, "task_6/lr": 0.0005, "task_6/train_top5": 100.0, "task_7/loss": 0.003154267556965351, "task_7/loss_ce": 0.0032783872447907925, "task_7/loss_kd (logit)": 0.013211192563176155, "task_7/loss_kd (att)": 0.009971098974347115, "task_7/loss_mr (att)": 0.0, "task_7/loss_div": 0.58491450548172, "task_7/loss_reg": 0.0, "task_7/train_top1": 100.0, "task_7/lr": 0.0005, "task_7/train_top5": 100.0, "task_8/loss": 0.000431528955232352, "task_8/loss_ce": 0.00016442689229734242, "task_8/loss_kd (logit)": 0.17199569940567017, "task_8/loss_kd (att)": 0.03708956390619278, "task_8/loss_mr (att)": 0.0, "task_8/loss_div": 0.5901772975921631, "task_8/loss_reg": 0.0, "task_8/train_top1": 100.0, "task_8/lr": 0.0005, "task_8/train_top5": 100.0, "task_9/loss": 0.0002951074275188148, "task_9/loss_ce": 0.0005711567355319858, "task_9/loss_kd (logit)": 0.004084799904376268, "task_9/loss_kd (att)": 0.002514862921088934, "task_9/loss_mr (att)": 0.0, "task_9/loss_div": 0.5772528648376465, "task_9/loss_reg": 0.0, "task_9/train_top1": 100.0, "task_9/lr": 0.0005, "task_9/train_top5": 100.0, "task_10/loss": 0.00010019922046922147, "task_10/loss_ce": 0.00022392504615709186, "task_10/loss_kd (logit)": 0.3478686213493347, "task_10/loss_kd (att)": 0.042369380593299866, "task_10/loss_mr (att)": 0.0, "task_10/loss_div": 0.5856912136077881, "task_10/loss_reg": 0.0, "task_10/train_top1": 100.0, "task_10/lr": 0.0005, "task_10/train_top5": 100.0, "task_11/loss": 0.00040489656385034323, "task_11/loss_ce": 0.0003878635761793703, "task_11/loss_kd (logit)": 0.04133693873882294, "task_11/loss_kd (att)": 0.022816989570856094, "task_11/loss_mr (att)": 0.0, "task_11/loss_div": 0.5951357483863831, "task_11/loss_reg": 0.0, "task_11/train_top1": 100.0, "task_11/lr": 0.0005, "task_11/train_top5": 100.0, "task_12/loss": 0.00011371818254701793, "task_12/loss_ce": 0.011764278635382652, "task_12/loss_kd (logit)": 0.01413803268224001, "task_12/loss_kd (att)": 0.005826412234455347, "task_12/loss_mr (att)": 0.0, "task_12/loss_div": 0.5817478895187378, "task_12/loss_reg": 0.0, "task_12/train_top1": 100.0, "task_12/lr": 0.0005, "task_12/train_top5": 100.0, "task_13/loss": 0.0005140321445651352, "task_13/loss_ce": 0.000369901186786592, "task_13/loss_kd (logit)": 0.3431577682495117, "task_13/loss_kd (att)": 0.05789094418287277, "task_13/loss_mr (att)": 0.0, "task_13/loss_div": 0.5100428462028503, "task_13/loss_reg": 0.0, "task_13/train_top1": 100.0, "task_13/lr": 0.0005, "task_13/train_top5": 100.0, "task_14/loss": 0.0001091460871975869, "task_14/loss_ce": 0.0006424440070986748, "task_14/loss_kd (logit)": 0.10391984134912491, "task_14/loss_kd (att)": 0.034702036529779434, "task_14/loss_mr (att)": 0.0, "task_14/loss_div": 0.5637195110321045, "task_14/loss_reg": 0.0, "task_14/train_top1": 100.0, "task_14/lr": 0.0005, "task_14/train_top5": 100.0, "task_15/loss": 8.187741332221776e-05, "task_15/loss_ce": 0.0032310476526618004, "task_15/loss_kd (logit)": 0.11341112852096558, "task_15/loss_kd (att)": 0.02797982655465603, "task_15/loss_mr (att)": 0.0, "task_15/loss_div": 0.567223310470581, "task_15/loss_reg": 0.0, "task_15/train_top1": 100.0, "task_15/lr": 0.0005, "task_15/train_top5": 100.0, "task_16/loss": 9.121563925873488e-05, "task_16/loss_ce": 0.00019034661818295717, "task_16/loss_kd (logit)": 0.002825160976499319, "task_16/loss_kd (att)": 0.0011767351534217596, "task_16/loss_mr (att)": 0.0, "task_16/loss_div": 0.5147384405136108, "task_16/loss_reg": 0.0, "task_16/train_top1": 100.0, "task_16/lr": 0.0005, "task_16/train_top5": 100.0, "task_17/loss": 0.0019144525285810232, "task_17/loss_ce": 0.0008370901341550052, "task_17/loss_kd (logit)": 0.002548087853938341, "task_17/loss_kd (att)": 0.0016240383265540004, "task_17/loss_mr (att)": 0.0, "task_17/loss_div": 0.5586477518081665, "task_17/loss_reg": 0.0, "task_17/train_top1": 100.0, "task_17/lr": 0.0005, "task_17/train_top5": 100.0, "task_18/loss": 0.00033540016738697886, "task_18/loss_ce": 0.0006983407074585557, "task_18/loss_kd (logit)": 0.023591935634613037, "task_18/loss_kd (att)": 0.015373718924820423, "task_18/loss_mr (att)": 0.0, "task_18/loss_div": 0.5873039364814758, "task_18/loss_reg": 0.0, "task_18/train_top1": 100.0, "task_18/lr": 0.0005, "task_18/train_top5": 100.0, "task_19/loss": 0.00019661372061818838, "task_19/loss_ce": 0.013673370704054832, "task_19/loss_kd (logit)": 0.00353470491245389, "task_19/loss_kd (att)": 0.00202627363614738, "task_19/loss_mr (att)": 0.0, "task_19/loss_div": 0.606910765171051, "task_19/loss_reg": 0.0, "task_19/train_top1": 100.0, "task_19/lr": 0.0005, "task_19/train_top5": 100.0, "task_20/loss": 0.00022438258747570217, "task_20/loss_ce": 0.00045985024189576507, "task_20/loss_kd (logit)": 0.689308226108551, "task_20/loss_kd (att)": 0.0525573268532753, "task_20/loss_mr (att)": 0.0, "task_20/loss_div": 0.551503598690033, "task_20/loss_reg": 0.0, "task_20/train_top1": 100.0, "task_20/lr": 0.0005, "task_20/train_top5": 100.0, "task_21/loss": 0.00013828735973220319, "task_21/loss_ce": 0.00020059500820934772, "task_21/loss_kd (logit)": 0.00015798158710822463, "task_21/loss_kd (att)": 0.0001302437303820625, "task_21/loss_mr (att)": 0.0, "task_21/loss_div": 0.6127291917800903, "task_21/loss_reg": 0.0, "task_21/train_top1": 100.0, "task_21/lr": 0.0005, "task_21/train_top5": 100.0, "task_22/loss": 0.000645365216769278, "task_22/loss_ce": 0.0014664889313280582, "task_22/loss_kd (logit)": 0.004212804138660431, "task_22/loss_kd (att)": 0.0031050436664372683, "task_22/loss_mr (att)": 0.0, "task_22/loss_div": 0.5866837501525879, "task_22/loss_reg": 0.0, "task_22/train_top1": 100.0,