{"task_0/loss": 0.08665636218715422, "task_0/loss_ce": 0.023159894288579775, "task_0/loss_kd (logit)": 0.0, "task_0/loss_kd (att)": 0.0, "task_0/loss_mr (att)": 0.0, "task_0/loss_div": 0.6349646702851399, "task_0/loss_reg": 0.0, "task_0/train_top1": 99.56683168316832, "task_0/lr": 1.0000000000000003e-05, "_timestamp": 1648227777, "_runtime": 40079, "_step": 2551, "val_top1": 84.28571384974889, "val_top1 (NME)": 55.714285605294364, "task_1/loss": 0.0006970476824790239, "task_1/loss_ce": 0.0010878773173317313, "task_1/loss_kd (logit)": 1.1385940313339233, "task_1/loss_kd (att)": 0.08113303780555725, "task_1/loss_mr (att)": 0.0, "task_1/loss_div": 0.6499541997909546, "task_1/loss_reg": 0.0, "task_1/train_top1": 100.0, "task_1/lr": 0.0005, "task_1/train_top5": 100.0, "task_2/loss": 0.00018611832638271153, "task_2/loss_ce": 0.0008877389482222497, "task_2/loss_kd (logit)": 1.1283282041549683, "task_2/loss_kd (att)": 0.08232395350933075, "task_2/loss_mr (att)": 0.0, "task_2/loss_div": 0.6348176002502441, "task_2/loss_reg": 0.0, "task_2/train_top1": 100.0, "task_2/lr": 0.0005, "task_2/train_top5": 100.0, "task_3/loss": 0.0001591875625308603, "task_3/loss_ce": 0.0020296701695770025, "task_3/loss_kd (logit)": 1.150368332862854, "task_3/loss_kd (att)": 0.08004464209079742, "task_3/loss_mr (att)": 0.0, "task_3/loss_div": 0.5734789967536926, "task_3/loss_reg": 0.0, "task_3/train_top1": 100.0, "task_3/lr": 0.0005, "task_3/train_top5": 100.0, "task_4/loss": 0.0038909653667360544, "task_4/loss_ce": 0.006976322270929813, "task_4/loss_kd (logit)": 1.1146585941314697, "task_4/loss_kd (att)": 0.06042907387018204, "task_4/loss_mr (att)": 0.0, "task_4/loss_div": 0.5871118307113647, "task_4/loss_reg": 0.0, "task_4/train_top1": 100.0, "task_4/lr": 0.0005, "task_4/train_top5": 100.0, "task_5/loss": 0.0005098405526950955, "task_5/loss_ce": 0.0002310405543539673, "task_5/loss_kd (logit)": 1.122516393661499, "task_5/loss_kd (att)": 0.0695071667432785, "task_5/loss_mr (att)": 0.0, "task_5/loss_div": 0.5691280364990234, "task_5/loss_reg": 0.0, "task_5/train_top1": 100.0, "task_5/lr": 0.0005, "task_5/train_top5": 100.0, "task_6/loss": 0.0002574394457042217, "task_6/loss_ce": 0.0005180767038837075, "task_6/loss_kd (logit)": 1.1220887899398804, "task_6/loss_kd (att)": 0.06588677316904068, "task_6/loss_mr (att)": 0.0, "task_6/loss_div": 0.5795998573303223, "task_6/loss_reg": 0.0, "task_6/train_top1": 100.0, "task_6/lr": 0.0005, "task_6/train_top5": 100.0, "task_7/loss": 0.003598875133320689, "task_7/loss_ce": 0.0007680158014409244, "task_7/loss_kd (logit)": 1.13941490650177, "task_7/loss_kd (att)": 0.07883965969085693, "task_7/loss_mr (att)": 0.0, "task_7/loss_div": 0.5853077173233032, "task_7/loss_reg": 0.0, "task_7/train_top1": 100.0, "task_7/lr": 0.0005, "task_7/train_top5": 100.0, "task_8/loss": 0.0042796083725988865, "task_8/loss_ce": 0.0007886873208917677, "task_8/loss_kd (logit)": 1.111950159072876, "task_8/loss_kd (att)": 0.059944555163383484, "task_8/loss_mr (att)": 0.0, "task_8/loss_div": 0.6011301875114441, "task_8/loss_reg": 0.0, "task_8/train_top1": 100.0, "task_8/lr": 0.0005, "task_8/train_top5": 100.0, "task_9/loss": 9.252481686417013e-05, "task_9/loss_ce": 0.0006123387138359249, "task_9/loss_kd (logit)": 1.1184766292572021, "task_9/loss_kd (att)": 0.06510591506958008, "task_9/loss_mr (att)": 0.0, "task_9/loss_div": 0.487710177898407, "task_9/loss_reg": 0.0, "task_9/train_top1": 100.0, "task_9/lr": 0.0005, "task_9/train_top5": 100.0, "task_10/loss": 0.00011350514250807464, "task_10/loss_ce": 0.0003875452093780041, "task_10/loss_kd (logit)": 1.1401147842407227, "task_10/loss_kd (att)": 0.07484355568885803, "task_10/loss_mr (att)": 0.0, "task_10/loss_div": 0.573878288269043, "task_10/loss_reg": 0.0, "task_10/train_top1": 100.0, "task_10/lr": 0.0005, "task_10/train_top5": 100.0, "task_11/loss": 7.951750012580305e-05, "task_11/loss_ce": 0.005648315884172916, "task_11/loss_kd (logit)": 1.0884908437728882, "task_11/loss_kd (att)": 0.05858816206455231, "task_11/loss_mr (att)": 0.0, "task_11/loss_div": 0.5928717255592346, "task_11/loss_reg": 0.0, "task_11/train_top1": 100.0, "task_11/lr": 0.0005, "task_11/train_top5": 100.0, "task_12/loss": 0.0007039352203719318, "task_12/loss_ce": 0.00029265746707096696, "task_12/loss_kd (logit)": 1.1091058254241943, "task_12/loss_kd (att)": 0.06505332887172699, "task_12/loss_mr (att)": 0.0, "task_12/loss_div": 0.5716381072998047, "task_12/loss_reg": 0.0, "task_12/train_top1": 100.0, "task_12/lr": 0.0005, "task_12/train_top5": 100.0, "task_13/loss": 0.0005820704391226172, "task_13/loss_ce": 0.00020666298223659396, "task_13/loss_kd (logit)": 1.1070536375045776, "task_13/loss_kd (att)": 0.07396771013736725, "task_13/loss_mr (att)": 0.0, "task_13/loss_div": 0.5089340209960938, "task_13/loss_reg": 0.0, "task_13/train_top1": 100.0, "task_13/lr": 0.0005, "task_13/train_top5": 100.0, "task_14/loss": 0.00011304216604912654, "task_14/loss_ce": 0.0037728468887507915, "task_14/loss_kd (logit)": 1.098098874092102, "task_14/loss_kd (att)": 0.07548317313194275, "task_14/loss_mr (att)": 0.0, "task_14/loss_div": 0.5873494148254395, "task_14/loss_reg": 0.0, "task_14/train_top1": 100.0, "task_14/lr": 0.0005, "task_14/train_top5": 100.0, "task_15/loss": 0.0006423491868190467, "task_15/loss_ce": 0.0012807981111109257, "task_15/loss_kd (logit)": 1.0854060649871826, "task_15/loss_kd (att)": 0.05635888874530792, "task_15/loss_mr (att)": 0.0, "task_15/loss_div": 0.6013884544372559, "task_15/loss_reg": 0.0, "task_15/train_top1": 100.0, "task_15/lr": 0.0005, "task_15/train_top5": 100.0, "task_16/loss": 0.0002291147829964757, "task_16/loss_ce": 0.00012444012099877, "task_16/loss_kd (logit)": 1.0818750858306885, "task_16/loss_kd (att)": 0.05869084224104881, "task_16/loss_mr (att)": 0.0, "task_16/loss_div": 0.5175206661224365, "task_16/loss_reg": 0.0, "task_16/train_top1": 100.0, "task_16/lr": 0.0005, "task_16/train_top5": 100.0, "task_17/loss": 0.00017701878095977008, "task_17/loss_ce": 0.0003379406116437167, "task_17/loss_kd (logit)": 1.0938647985458374, "task_17/loss_kd (att)": 0.0584079846739769, "task_17/loss_mr (att)": 0.0, "task_17/loss_div": 0.545590341091156, "task_17/loss_reg": 0.0, "task_17/train_top1": 100.0, "task_17/lr": 0.0005, "task_17/train_top5": 100.0, "task_18/loss": 0.0003675637999549508, "task_18/loss_ce": 0.0005791118019260466, "task_18/loss_kd (logit)": 1.102476716041565, "task_18/loss_kd (att)": 0.06429120898246765, "task_18/loss_mr (att)": 0.0, "task_18/loss_div": 0.6303955316543579, "task_18/loss_reg": 0.0, "task_18/train_top1": 100.0, "task_18/lr": 0.0005, "task_18/train_top5": 100.0, "task_19/loss": 0.0001759270380716771, "task_19/loss_ce": 0.001305040786974132, "task_19/loss_kd (logit)": 1.0864262580871582, "task_19/loss_kd (att)": 0.05644050985574722, "task_19/loss_mr (att)": 0.0, "task_19/loss_div": 0.5971896052360535, "task_19/loss_reg": 0.0, "task_19/train_top1": 100.0, "task_19/lr": 0.0005, "task_19/train_top5": 100.0, "task_20/loss": 0.0001677816326264292, "task_20/loss_ce": 0.0334218330681324, "task_20/loss_kd (logit)": 1.0885518789291382, "task_20/loss_kd (att)": 0.0627758800983429, "task_20/loss_mr (att)": 0.0, "task_20/loss_div": 0.5716069936752319, "task_20/loss_reg": 0.0, "task_20/train_top1": 100.0, "task_20/lr": 0.0005, "task_20/train_top5": 100.0, "task_21/loss": 0.0003976923180744052, "task_21/loss_ce": 0.007763253059238195, "task_21/loss_kd (logit)": 1.0808323621749878, "task_21/loss_kd (att)": 0.05859055370092392, "task_21/loss_mr (att)": 0.0, "task_21/loss_div": 0.5955442190170288, "task_21/loss_reg": 0.0, "task_21/train_top1": 100.0, "task_21/lr": 0.0005, "task_21/train_top5": 100.0, "task_22/loss": 0.00028005929198116064, "task_22/loss_ce": 0.0004224460572004318, "task_22/loss_kd (logit)": 1.0805654525756836, "task_22/loss_kd (att)": 0.058839887380599976, "task_22/loss_mr (att)": 0.0, "task_22/loss_div": 0.5995385646820068, "task_22/loss_reg": 0.0, "task_22/train_top1": 100.0, "task_22/lr": 0.0005,