{"task_0/loss": 0.08803260713668153, "task_0/loss_ce": 0.02494964778560472, "task_0/loss_kd (logit)": 0.0, "task_0/loss_kd (att)": 0.0, "task_0/loss_mr (att)": 0.0, "task_0/loss_div": 0.6308295850706572, "task_0/loss_reg": 0.0, "task_0/train_top1": 99.35024752475248, "task_0/lr": 1.0000000000000003e-05, "_timestamp": 1647421470, "_runtime": 19405, "_step": 1026, "val_top1": 100.0, "val_top1 (NME)": 92.6470588235294, "task_1/loss": 0.00075526227010414, "task_1/loss_ce": 0.001760993618518114, "task_1/loss_kd (logit)": 1.1444934606552124, "task_1/loss_kd (att)": 0.07749562710523605, "task_1/loss_mr (att)": 0.0, "task_1/loss_div": 0.6516375541687012, "task_1/loss_reg": 0.0, "task_1/train_top1": 100.0, "task_1/lr": 0.0005, "task_1/train_top5": 100.0, "task_2/loss": 0.0027846824377775192, "task_2/loss_ce": 0.00021691698930226266, "task_2/loss_kd (logit)": 0.27840179204940796, "task_2/loss_kd (att)": 0.0471133217215538, "task_2/loss_mr (att)": 0.0, "task_2/loss_div": 0.6271222233772278, "task_2/loss_reg": 0.0, "task_2/train_top1": 100.0, "task_2/lr": 0.0005, "task_2/train_top5": 100.0, "task_3/loss": 0.0003475989506114274, "task_3/loss_ce": 0.0003130085242446512, "task_3/loss_kd (logit)": 0.0135474419221282, "task_3/loss_kd (att)": 0.01764545775949955, "task_3/loss_mr (att)": 0.0, "task_3/loss_div": 0.5605096817016602, "task_3/loss_reg": 0.0, "task_3/train_top1": 100.0, "task_3/lr": 0.0005, "task_3/train_top5": 100.0, "task_4/loss": 0.00398318050429225, "task_4/loss_ce": 0.0008981975261121988, "task_4/loss_kd (logit)": 0.004803071729838848, "task_4/loss_kd (att)": 0.007706096861511469, "task_4/loss_mr (att)": 0.0, "task_4/loss_div": 0.602864682674408, "task_4/loss_reg": 0.0, "task_4/train_top1": 100.0, "task_4/lr": 0.0005, "task_4/train_top5": 100.0, "task_5/loss": 0.0006767328013665974, "task_5/loss_ce": 0.003807489760220051, "task_5/loss_kd (logit)": 0.15752074122428894, "task_5/loss_kd (att)": 0.03655068948864937, "task_5/loss_mr (att)": 0.0, "task_5/loss_div": 0.5743436813354492, "task_5/loss_reg": 0.0, "task_5/train_top1": 100.0, "task_5/lr": 0.0005, "task_5/train_top5": 100.0, "task_6/loss": 0.00013151051825843751, "task_6/loss_ce": 0.0004935166798532009, "task_6/loss_kd (logit)": 0.04987258464097977, "task_6/loss_kd (att)": 0.018552206456661224, "task_6/loss_mr (att)": 0.0, "task_6/loss_div": 0.6069998145103455, "task_6/loss_reg": 0.0, "task_6/train_top1": 100.0, "task_6/lr": 0.0005, "task_6/train_top5": 100.0, "task_7/loss": 0.003154267556965351, "task_7/loss_ce": 0.0032783872447907925, "task_7/loss_kd (logit)": 0.013211192563176155, "task_7/loss_kd (att)": 0.009971098974347115, "task_7/loss_mr (att)": 0.0, "task_7/loss_div": 0.58491450548172, "task_7/loss_reg": 0.0, "task_7/train_top1": 100.0, "task_7/lr": 0.0005, "task_7/train_top5": 100.0, "task_8/loss": 0.000431528955232352, "task_8/loss_ce": 0.00016442689229734242, "task_8/loss_kd (logit)": 0.17199569940567017, "task_8/loss_kd (att)": 0.03708956390619278, "task_8/loss_mr (att)": 0.0, "task_8/loss_div": 0.5901772975921631, "task_8/loss_reg": 0.0, "task_8/train_top1": 100.0, "task_8/lr": 0.0005, "task_8/train_top5": 100.0, "task_9/loss": 0.0002951074275188148, "task_9/loss_ce": 0.0005711567355319858, "task_9/loss_kd (logit)": 0.004084799904376268, "task_9/loss_kd (att)": 0.002514862921088934, "task_9/loss_mr (att)": 0.0, "task_9/loss_div": 0.5772528648376465, "task_9/loss_reg": 0.0, "task_9/train_top1": 100.0, "task_9/lr": 0.0005, "task_9/train_top5": 100.0, "task_10/loss": 0.00010019922046922147, "task_10/loss_ce": 0.00022392504615709186, "task_10/loss_kd (logit)": 0.3478686213493347, "task_10/loss_kd (att)": 0.042369380593299866, "task_10/loss_mr (att)": 0.0, "task_10/loss_div": 0.5856912136077881, "task_10/loss_reg": 0.0, "task_10/train_top1": 100.0, "task_10/lr": 0.0005, "task_10/train_top5": 100.0, "task_11/loss": 0.00040489656385034323, "task_11/loss_ce": 0.0003878635761793703, "task_11/loss_kd (logit)": 0.04133693873882294, "task_11/loss_kd (att)": 0.022816989570856094, "task_11/loss_mr (att)": 0.0, "task_11/loss_div": 0.5951357483863831, "task_11/loss_reg": 0.0, "task_11/train_top1": 100.0, "task_11/lr": 0.0005, "task_11/train_top5": 100.0, "task_12/loss": 0.06580150872468948, "task_12/loss_ce": 0.003040164243429899, "task_12/loss_kd (logit)": 0.013498902320861816, "task_12/loss_kd (att)": 0.0037583066150546074, "task_12/loss_mr (att)": 0.0, "task_12/loss_div": 0.6081831455230713, "task_12/loss_reg": 0.0, "task_12/train_top1": 100.0, "task_12/lr": 0.001, "_wandb": {"runtime": 19411}}