{"task_1/loss": 0.46613437383474704, "task_1/loss_ce": 0.3034403213296863, "task_1/loss_kd (logit)": 1.4800571317444304, "task_1/loss_kd (att)": 0.23654683657035142, "task_1/loss_mr (att)": 0.0, "task_1/loss_div": 0.5830560105884385, "task_1/loss_reg": 0.0, "task_1/train_top1": 92.41516966067864, "task_1/lr": 0.001, "_timestamp": 1662286043, "_runtime": 839, "_step": 29, "_wandb": {"runtime": 953}}