{"task_0/loss": 0.0882597200129882, "task_0/loss_ce": 0.02487336164631415, "task_0/loss_kd (logit)": 0.0, "task_0/loss_kd (att)": 0.0, "task_0/loss_mr (att)": 0.0, "task_0/loss_div": 0.6338635706665492, "task_0/loss_reg": 0.0, "task_0/train_top1": 99.19554455445545, "task_0/lr": 1.0000000000000003e-05, "_timestamp": 1648107913, "_runtime": 15422, "_step": 491, "val_top1": 89.38547477509056, "val_top1 (NME)": 77.93296089385476, "task_1/loss": 0.004208661150187254, "task_1/loss_ce": 0.0037496027071028948, "task_1/loss_kd (logit)": 1.1954257488250732, "task_1/loss_kd (att)": 0.09284307807683945, "task_1/loss_mr (att)": 0.0, "task_1/loss_div": 0.7102013826370239, "task_1/loss_reg": 0.0, "task_1/train_top1": 100.0, "task_1/lr": 0.0005, "task_1/train_top5": 100.0, "task_2/loss": 0.001087695942260325, "task_2/loss_ce": 0.011417294852435589, "task_2/loss_kd (logit)": 0.865983784198761, "task_2/loss_kd (att)": 0.06751953065395355, "task_2/loss_mr (att)": 0.0, "task_2/loss_div": 0.6357818841934204, "task_2/loss_reg": 0.0, "task_2/train_top1": 100.0, "task_2/lr": 0.0005, "task_2/train_top5": 100.0, "task_3/loss": 0.05609218031167984, "task_3/loss_ce": 0.00046066357754170895, "task_3/loss_kd (logit)": 0.2647489905357361, "task_3/loss_kd (att)": 0.046725671738386154, "task_3/loss_mr (att)": 0.0, "task_3/loss_div": 0.643052339553833, "task_3/loss_reg": 0.0, "task_3/train_top1": 96.875, "task_3/lr": 0.0005, "task_3/train_top5": 100.0, "task_4/loss": 0.004957603290677071, "task_4/loss_ce": 0.001704327529296279, "task_4/loss_kd (logit)": 0.9984250664710999, "task_4/loss_kd (att)": 0.07310807704925537, "task_4/loss_mr (att)": 0.0, "task_4/loss_div": 0.616318941116333, "task_4/loss_reg": 0.0, "task_4/train_top1": 100.0, "task_4/lr": 0.0005, "task_4/train_top5": 100.0, "task_5/loss": 0.00014373166777659208, "task_5/loss_ce": 0.0011106180027127266, "task_5/loss_kd (logit)": 0.11384998261928558, "task_5/loss_kd (att)": 0.04149828851222992, "task_5/loss_mr (att)": 0.0, "task_5/loss_div": 0.5218953490257263, "task_5/loss_reg": 0.0, "task_5/train_top1": 100.0, "task_5/lr": 0.0005, "task_5/train_top5": 100.0, "_wandb": {"runtime": 15424}}