{"task_0/loss": 3.9821889400482178, "task_0/loss_ce": 3.919893741607666, "task_0/loss_kd (logit)": 0.0, "task_0/loss_kd (att)": 0.0, "task_0/loss_mr (att)": 0.0, "task_0/loss_div": 0.6229525804519653, "task_0/loss_reg": 0.0, "task_0/train_top1": 9.375, "task_0/lr": 0.001, "_timestamp": 1646740276, "_runtime": 113, "_step": 2}