{"task_0/loss": 0.0882597200129882, "task_0/loss_ce": 0.02487336164631415, "task_0/loss_kd (logit)": 0.0, "task_0/loss_kd (att)": 0.0, "task_0/loss_mr (att)": 0.0, "task_0/loss_div": 0.6338635706665492, "task_0/loss_reg": 0.0, "task_0/train_top1": 99.19554455445545, "task_0/lr": 1.0000000000000003e-05, "_timestamp": 1648052764, "_runtime": 36399, "_step": 2551, "val_top1": 95.45454545454545, "val_top1 (NME)": 69.6969696969697, "task_1/loss": 0.00013688355102203786, "task_1/loss_ce": 0.009302807971835136, "task_1/loss_kd (logit)": 1.10591459274292, "task_1/loss_kd (att)": 0.06831123679876328, "task_1/loss_mr (att)": 0.0, "task_1/loss_div": 0.5876608490943909, "task_1/loss_reg": 0.0, "task_1/train_top1": 100.0, "task_1/lr": 0.0005, "task_1/train_top5": 100.0, "task_2/loss": 0.0009661992662586272, "task_2/loss_ce": 0.00031665939604863524, "task_2/loss_kd (logit)": 0.00255695846863091, "task_2/loss_kd (att)": 0.0016055366722866893, "task_2/loss_mr (att)": 0.0, "task_2/loss_div": 0.6002992391586304, "task_2/loss_reg": 0.0, "task_2/train_top1": 100.0, "task_2/lr": 0.0005, "task_2/train_top5": 100.0, "task_3/loss": 0.00023031422460917383, "task_3/loss_ce": 0.0027997244615107775, "task_3/loss_kd (logit)": 0.6924301981925964, "task_3/loss_kd (att)": 0.05656495690345764, "task_3/loss_mr (att)": 0.0, "task_3/loss_div": 0.6265407800674438, "task_3/loss_reg": 0.0, "task_3/train_top1": 100.0, "task_3/lr": 0.0005, "task_3/train_top5": 100.0, "task_4/loss": 0.0009371135965920985, "task_4/loss_ce": 0.0036341194063425064, "task_4/loss_kd (logit)": 0.10243172943592072, "task_4/loss_kd (att)": 0.018358139321208, "task_4/loss_mr (att)": 0.0, "task_4/loss_div": 0.6935254335403442, "task_4/loss_reg": 0.0, "task_4/train_top1": 100.0, "task_4/lr": 0.0005, "task_4/train_top5": 100.0, "task_5/loss": 0.0023094257339835167, "task_5/loss_ce": 0.0015857459511607885, "task_5/loss_kd (logit)": 0.00999009981751442, "task_5/loss_kd (att)": 0.011060296557843685, "task_5/loss_mr (att)": 0.0, "task_5/loss_div": 0.6132010221481323, "task_5/loss_reg": 0.0, "task_5/train_top1": 100.0, "task_5/lr": 0.0005, "task_5/train_top5": 100.0, "task_6/loss": 0.004728298634290695, "task_6/loss_ce": 0.0002522972063161433, "task_6/loss_kd (logit)": 0.09074746072292328, "task_6/loss_kd (att)": 0.0315333716571331, "task_6/loss_mr (att)": 0.0, "task_6/loss_div": 0.6484647989273071, "task_6/loss_reg": 0.0, "task_6/train_top1": 100.0, "task_6/lr": 0.0005, "task_6/train_top5": 100.0, "task_7/loss": 0.00027428549947217107, "task_7/loss_ce": 0.0005823430838063359, "task_7/loss_kd (logit)": 0.03387439623475075, "task_7/loss_kd (att)": 0.016555337235331535, "task_7/loss_mr (att)": 0.0, "task_7/loss_div": 0.6263509392738342, "task_7/loss_reg": 0.0, "task_7/train_top1": 100.0, "task_7/lr": 0.0005, "task_7/train_top5": 100.0, "task_8/loss": 0.00042672708514146507, "task_8/loss_ce": 0.0009549683891236782, "task_8/loss_kd (logit)": 0.00039025943260639906, "task_8/loss_kd (att)": 0.0003438293933868408, "task_8/loss_mr (att)": 0.0, "task_8/loss_div": 0.6000305414199829, "task_8/loss_reg": 0.0, "task_8/train_top1": 100.0, "task_8/lr": 0.0005, "task_8/train_top5": 100.0, "task_9/loss": 0.00045636892900802195, "task_9/loss_ce": 0.0030548316426575184, "task_9/loss_kd (logit)": 0.0016558044590055943, "task_9/loss_kd (att)": 0.0017077182419598103, "task_9/loss_mr (att)": 0.0, "task_9/loss_div": 0.5879234075546265, "task_9/loss_reg": 0.0, "task_9/train_top1": 100.0, "task_9/lr": 0.0005, "task_9/train_top5": 100.0, "task_10/loss": 0.0003493914264254272, "task_10/loss_ce": 0.00023460100055672228, "task_10/loss_kd (logit)": 0.001726351911202073, "task_10/loss_kd (att)": 0.0015018130652606487, "task_10/loss_mr (att)": 0.0, "task_10/loss_div": 0.6517058610916138, "task_10/loss_reg": 0.0, "task_10/train_top1": 100.0, "task_10/lr": 0.0005, "task_10/train_top5": 100.0, "task_11/loss": 0.00018525241466704756, "task_11/loss_ce": 0.00029074179474264383, "task_11/loss_kd (logit)": 0.03693428635597229, "task_11/loss_kd (att)": 0.013162701390683651, "task_11/loss_mr (att)": 0.0, "task_11/loss_div": 0.5709626078605652, "task_11/loss_reg": 0.0, "task_11/train_top1": 100.0, "task_11/lr": 0.0005, "task_11/train_top5": 100.0, "task_12/loss": 0.0005871119210496545, "task_12/loss_ce": 0.0013999314978718758, "task_12/loss_kd (logit)": 0.002134721027687192, "task_12/loss_kd (att)": 0.0017306950176134706, "task_12/loss_mr (att)": 0.0, "task_12/loss_div": 0.6415395140647888, "task_12/loss_reg": 0.0, "task_12/train_top1": 100.0, "task_12/lr": 0.0005, "task_12/train_top5": 100.0, "task_13/loss": 0.0004063020460307598, "task_13/loss_ce": 0.0006719908560626209, "task_13/loss_kd (logit)": 0.0071011013351380825, "task_13/loss_kd (att)": 0.0049574123695492744, "task_13/loss_mr (att)": 0.0, "task_13/loss_div": 0.6564408540725708, "task_13/loss_reg": 0.0, "task_13/train_top1": 100.0, "task_13/lr": 0.0005, "task_13/train_top5": 100.0, "task_14/loss": 0.00012683524983003736, "task_14/loss_ce": 0.0003042595344595611, "task_14/loss_kd (logit)": 0.01082443818449974, "task_14/loss_kd (att)": 0.007563368882983923, "task_14/loss_mr (att)": 0.0, "task_14/loss_div": 0.5598121881484985, "task_14/loss_reg": 0.0, "task_14/train_top1": 100.0, "task_14/lr": 0.0005, "task_14/train_top5": 100.0, "task_15/loss": 0.006137424614280462, "task_15/loss_ce": 0.00019393055117689073, "task_15/loss_kd (logit)": 0.009309740737080574, "task_15/loss_kd (att)": 0.006149070803076029, "task_15/loss_mr (att)": 0.0, "task_15/loss_div": 0.6554127335548401, "task_15/loss_reg": 0.0, "task_15/train_top1": 100.0, "task_15/lr": 0.0005, "task_15/train_top5": 100.0, "task_16/loss": 8.937896927818656e-05, "task_16/loss_ce": 0.001262167701497674, "task_16/loss_kd (logit)": 0.10806581377983093, "task_16/loss_kd (att)": 0.03554395213723183, "task_16/loss_mr (att)": 0.0, "task_16/loss_div": 0.5912036895751953, "task_16/loss_reg": 0.0, "task_16/train_top1": 100.0, "task_16/lr": 0.0005, "task_16/train_top5": 100.0, "task_17/loss": 5.649410741170868e-05, "task_17/loss_ce": 0.001171198207885027, "task_17/loss_kd (logit)": 0.004593485035002232, "task_17/loss_kd (att)": 0.003707688534632325, "task_17/loss_mr (att)": 0.0, "task_17/loss_div": 0.6326331496238708, "task_17/loss_reg": 0.0, "task_17/train_top1": 100.0, "task_17/lr": 0.0005, "task_17/train_top5": 100.0, "task_18/loss": 0.0003425194008741528, "task_18/loss_ce": 0.0004437954048626125, "task_18/loss_kd (logit)": 0.08304956555366516, "task_18/loss_kd (att)": 0.03281109780073166, "task_18/loss_mr (att)": 0.0, "task_18/loss_div": 0.5826712846755981, "task_18/loss_reg": 0.0, "task_18/train_top1": 100.0, "task_18/lr": 0.0005, "task_18/train_top5": 100.0, "task_19/loss": 0.002469367813318968, "task_19/loss_ce": 0.002091031987220049, "task_19/loss_kd (logit)": 0.019673306494951248, "task_19/loss_kd (att)": 0.015565230511128902, "task_19/loss_mr (att)": 0.0, "task_19/loss_div": 0.5518110990524292, "task_19/loss_reg": 0.0, "task_19/train_top1": 100.0, "task_19/lr": 0.0005, "task_19/train_top5": 100.0, "task_20/loss": 0.0007184863789007068, "task_20/loss_ce": 9.889042121358216e-05, "task_20/loss_kd (logit)": 0.006682311650365591, "task_20/loss_kd (att)": 0.007424634415656328, "task_20/loss_mr (att)": 0.0, "task_20/loss_div": 0.5570549368858337, "task_20/loss_reg": 0.0, "task_20/train_top1": 100.0, "task_20/lr": 0.0005, "task_20/train_top5": 100.0, "task_21/loss": 0.00017001264495775104, "task_21/loss_ce": 0.0009223464876413345, "task_21/loss_kd (logit)": 0.12639203667640686, "task_21/loss_kd (att)": 0.02758190780878067, "task_21/loss_mr (att)": 0.0, "task_21/loss_div": 0.5222192406654358, "task_21/loss_reg": 0.0, "task_21/train_top1": 100.0, "task_21/lr": 0.0005, "task_21/train_top5": 100.0, "task_22/loss": 0.001886111916974187, "task_22/loss_ce": 0.010068103671073914, "task_22/loss_kd (logit)": 0.07272212207317352, "task_22/loss_kd (att)": 0.019614001736044884, "task_22/loss_mr (att)": 0.0, "task_22/loss_div": 0.552122950553894, "task_22/loss_reg": 0.0,