{"task_0/loss": 4.001125335693359, "task_0/loss_ce": 3.942643642425537, "task_0/loss_kd (logit)": 0.0, "task_0/loss_kd (att)": 0.0, "task_0/loss_mr (att)": 0.0, "task_0/loss_div": 0.5848191976547241, "task_0/loss_reg": 0.0, "task_0/train_top1": 0.0, "task_0/lr": 0.001, "_timestamp": 1662273015, "_runtime": 18, "_step": 0, "_wandb": {"runtime": 19}}