{"task_0/loss": 0.08803260713668153, "task_0/loss_ce": 0.02494964778560472, "task_0/loss_kd (logit)": 0.0, "task_0/loss_kd (att)": 0.0, "task_0/loss_mr (att)": 0.0, "task_0/loss_div": 0.6308295850706572, "task_0/loss_reg": 0.0, "task_0/train_top1": 99.35024752475248, "task_0/lr": 1.0000000000000003e-05, "_timestamp": 1647598977, "_runtime": 17178, "_step": 491, "val_top1": 90.20618556701031, "val_top1 (NME)": 79.89690721649484, "task_1/loss": 0.00048306913231499493, "task_1/loss_ce": 0.0008751900168135762, "task_1/loss_kd (logit)": 1.2548232078552246, "task_1/loss_kd (att)": 0.11806093156337738, "task_1/loss_mr (att)": 0.0, "task_1/loss_div": 0.630776047706604, "task_1/loss_reg": 0.0, "task_1/train_top1": 100.0, "task_1/lr": 0.0005, "task_1/train_top5": 100.0, "task_2/loss": 0.06327430158853531, "task_2/loss_ce": 0.00280283042229712, "task_2/loss_kd (logit)": 1.239187479019165, "task_2/loss_kd (att)": 0.09975956380367279, "task_2/loss_mr (att)": 0.0, "task_2/loss_div": 0.6226422190666199, "task_2/loss_reg": 0.0, "task_2/train_top1": 96.875, "task_2/lr": 0.0005, "task_2/train_top5": 100.0, "task_3/loss": 0.00020881819364149123, "task_3/loss_ce": 0.0008923441637307405, "task_3/loss_kd (logit)": 1.2227168083190918, "task_3/loss_kd (att)": 0.10536856949329376, "task_3/loss_mr (att)": 0.0, "task_3/loss_div": 0.5999435782432556, "task_3/loss_reg": 0.0, "task_3/train_top1": 100.0, "task_3/lr": 0.0005, "task_3/train_top5": 100.0, "task_4/loss": 0.0019276245729997754, "task_4/loss_ce": 0.014311243779957294, "task_4/loss_kd (logit)": 1.2017724514007568, "task_4/loss_kd (att)": 0.09794005751609802, "task_4/loss_mr (att)": 0.0, "task_4/loss_div": 0.6130366325378418, "task_4/loss_reg": 0.0, "task_4/train_top1": 100.0, "task_4/lr": 0.0005, "task_4/train_top5": 100.0, "task_5/loss": 0.000978203141130507, "task_5/loss_ce": 0.0001941988302860409, "task_5/loss_kd (logit)": 1.2400736808776855, "task_5/loss_kd (att)": 0.10362499952316284, "task_5/loss_mr (att)": 0.0, "task_5/loss_div": 0.6659600138664246, "task_5/loss_reg": 0.0, "task_5/train_top1": 100.0, "task_5/lr": 0.0005, "task_5/train_top5": 100.0, "_wandb": {"runtime": 17179}}