{"task_0/loss": 3.990323543548584, "task_0/loss_ce": 3.9283947944641113, "task_0/loss_kd (logit)": 0.0, "task_0/loss_kd (att)": 0.0, "task_0/loss_mr (att)": 0.0, "task_0/loss_div": 0.6192883253097534, "task_0/loss_reg": 0.0, "task_0/train_top1": 3.125, "task_0/lr": 0.001, "_timestamp": 1646923723, "_runtime": 22, "_step": 0, "_wandb": {"runtime": 31}}