{"task_5/loss": 0.0004970739828422666, "task_5/loss_ce": 0.0032488105352967978, "task_5/loss_kd (logit)": 1.2891104221343994, "task_5/loss_kd (att)": 0.11374229192733765, "task_5/loss_mr (att)": 0.0, "task_5/loss_div": 0.6670931577682495, "task_5/loss_reg": 0.0, "task_5/train_top1": 100.0, "task_5/lr": 0.0005, "_timestamp": 1648980508, "_runtime": 3224, "_step": 69, "task_5/train_top5": 100.0, "_wandb": {"runtime": 3248}}