{"task_0/loss": 0.08803260713668153, "task_0/loss_ce": 0.02494964778560472, "task_0/loss_kd (logit)": 0.0, "task_0/loss_kd (att)": 0.0, "task_0/loss_mr (att)": 0.0, "task_0/loss_div": 0.6308295850706572, "task_0/loss_reg": 0.0, "task_0/train_top1": 99.35024752475248, "task_0/lr": 1.0000000000000003e-05, "_timestamp": 1647967106, "_runtime": 34343, "_step": 2224, "val_top1": 96.25, "val_top1 (NME)": 81.25, "task_1/loss": 0.000688404543325305, "task_1/loss_ce": 0.0014635579427704215, "task_1/loss_kd (logit)": 1.1512905359268188, "task_1/loss_kd (att)": 0.024325676262378693, "task_1/loss_mr (att)": 0.0, "task_1/loss_div": 0.6507675051689148, "task_1/loss_reg": 0.0, "task_1/train_top1": 100.0, "task_1/lr": 0.0005, "task_1/train_top5": 100.0, "task_2/loss": 6.642733205808327e-05, "task_2/loss_ce": 0.000260906177572906, "task_2/loss_kd (logit)": 0.07170787453651428, "task_2/loss_kd (att)": 0.007515658158808947, "task_2/loss_mr (att)": 0.0, "task_2/loss_div": 0.6245474815368652, "task_2/loss_reg": 0.0, "task_2/train_top1": 100.0, "task_2/lr": 0.0005, "task_2/train_top5": 100.0, "task_3/loss": 0.0007077367627061903, "task_3/loss_ce": 0.004371813964098692, "task_3/loss_kd (logit)": 0.3296673595905304, "task_3/loss_kd (att)": 0.01618959568440914, "task_3/loss_mr (att)": 0.0, "task_3/loss_div": 0.5678250789642334, "task_3/loss_reg": 0.0, "task_3/train_top1": 100.0, "task_3/lr": 0.0005, "task_3/train_top5": 100.0, "task_4/loss": 0.0012113883858546615, "task_4/loss_ce": 0.00027170972316525877, "task_4/loss_kd (logit)": 0.0027060904540121555, "task_4/loss_kd (att)": 0.0009444230818189681, "task_4/loss_mr (att)": 0.0, "task_4/loss_div": 0.6011857986450195, "task_4/loss_reg": 0.0, "task_4/train_top1": 100.0, "task_4/lr": 0.0005, "task_4/train_top5": 100.0, "task_5/loss": 0.00020970485638827085, "task_5/loss_ce": 0.002543036825954914, "task_5/loss_kd (logit)": 0.025478731840848923, "task_5/loss_kd (att)": 0.0033177752047777176, "task_5/loss_mr (att)": 0.0, "task_5/loss_div": 0.5676966309547424, "task_5/loss_reg": 0.0, "task_5/train_top1": 100.0, "task_5/lr": 0.0005, "task_5/train_top5": 100.0, "task_6/loss": 0.00037024752236902714, "task_6/loss_ce": 0.0006855768151581287, "task_6/loss_kd (logit)": 0.029803641140460968, "task_6/loss_kd (att)": 0.004890128038823605, "task_6/loss_mr (att)": 0.0, "task_6/loss_div": 0.6129587888717651, "task_6/loss_reg": 0.0, "task_6/train_top1": 100.0, "task_6/lr": 0.0005, "task_6/train_top5": 100.0, "task_7/loss": 0.009216098114848137, "task_7/loss_ce": 0.0016790828667581081, "task_7/loss_kd (logit)": 0.06212221086025238, "task_7/loss_kd (att)": 0.008213655091822147, "task_7/loss_mr (att)": 0.0, "task_7/loss_div": 0.580742359161377, "task_7/loss_reg": 0.0, "task_7/train_top1": 100.0, "task_7/lr": 0.0005, "task_7/train_top5": 100.0, "task_8/loss": 0.00041517644422128797, "task_8/loss_ce": 0.0011957443784922361, "task_8/loss_kd (logit)": 0.7148077487945557, "task_8/loss_kd (att)": 0.015465215779840946, "task_8/loss_mr (att)": 0.0, "task_8/loss_div": 0.594917893409729, "task_8/loss_reg": 0.0, "task_8/train_top1": 100.0, "task_8/lr": 0.0005, "task_8/train_top5": 100.0, "task_9/loss": 0.00017121156270150095, "task_9/loss_ce": 0.0017945605795830488, "task_9/loss_kd (logit)": 0.028219791129231453, "task_9/loss_kd (att)": 0.0037043942138552666, "task_9/loss_mr (att)": 0.0, "task_9/loss_div": 0.5771162509918213, "task_9/loss_reg": 0.0, "task_9/train_top1": 100.0, "task_9/lr": 0.0005, "task_9/train_top5": 100.0, "task_10/loss": 4.239485497237183e-05, "task_10/loss_ce": 0.00030749052530154586, "task_10/loss_kd (logit)": 0.009118815883994102, "task_10/loss_kd (att)": 0.0023681747261434793, "task_10/loss_mr (att)": 0.0, "task_10/loss_div": 0.5888273119926453, "task_10/loss_reg": 0.0, "task_10/train_top1": 100.0, "task_10/lr": 0.0005, "task_10/train_top5": 100.0, "task_11/loss": 9.781065455172211e-05, "task_11/loss_ce": 0.00016807159408926964, "task_11/loss_kd (logit)": 0.009151911363005638, "task_11/loss_kd (att)": 0.00131646275985986, "task_11/loss_mr (att)": 0.0, "task_11/loss_div": 0.5943999290466309, "task_11/loss_reg": 0.0, "task_11/train_top1": 100.0, "task_11/lr": 0.0005, "task_11/train_top5": 100.0, "task_12/loss": 9.752420010045171e-05, "task_12/loss_ce": 0.005763256922364235, "task_12/loss_kd (logit)": 0.7630345821380615, "task_12/loss_kd (att)": 0.01434117928147316, "task_12/loss_mr (att)": 0.0, "task_12/loss_div": 0.5805782079696655, "task_12/loss_reg": 0.0, "task_12/train_top1": 100.0, "task_12/lr": 0.0005, "task_12/train_top5": 100.0, "task_13/loss": 0.0011538909748196602, "task_13/loss_ce": 0.0004815908905584365, "task_13/loss_kd (logit)": 0.021536117419600487, "task_13/loss_kd (att)": 0.004821056500077248, "task_13/loss_mr (att)": 0.0, "task_13/loss_div": 0.4960876703262329, "task_13/loss_reg": 0.0, "task_13/train_top1": 100.0, "task_13/lr": 0.0005, "task_13/train_top5": 100.0, "task_14/loss": 0.00014737396850250661, "task_14/loss_ce": 0.0003201712970621884, "task_14/loss_kd (logit)": 0.8351737260818481, "task_14/loss_kd (att)": 0.01709677278995514, "task_14/loss_mr (att)": 0.0, "task_14/loss_div": 0.574633002281189, "task_14/loss_reg": 0.0, "task_14/train_top1": 100.0, "task_14/lr": 0.0005, "task_14/train_top5": 100.0, "task_15/loss": 8.487368177156895e-05, "task_15/loss_ce": 0.0014740810729563236, "task_15/loss_kd (logit)": 0.013385461643338203, "task_15/loss_kd (att)": 0.002900166204199195, "task_15/loss_mr (att)": 0.0, "task_15/loss_div": 0.5493685007095337, "task_15/loss_reg": 0.0, "task_15/train_top1": 100.0, "task_15/lr": 0.0005, "task_15/train_top5": 100.0, "task_16/loss": 8.96231213118881e-05, "task_16/loss_ce": 0.0005284732324071229, "task_16/loss_kd (logit)": 0.016126073896884918, "task_16/loss_kd (att)": 0.0021573160775005817, "task_16/loss_mr (att)": 0.0, "task_16/loss_div": 0.5007901191711426, "task_16/loss_reg": 0.0, "task_16/train_top1": 100.0, "task_16/lr": 0.0005, "task_16/train_top5": 100.0, "task_17/loss": 0.0034645048435777426, "task_17/loss_ce": 0.0014325801748782396, "task_17/loss_kd (logit)": 0.19064269959926605, "task_17/loss_kd (att)": 0.011158118024468422, "task_17/loss_mr (att)": 0.0, "task_17/loss_div": 0.5562577843666077, "task_17/loss_reg": 0.0, "task_17/train_top1": 100.0, "task_17/lr": 0.0005, "task_17/train_top5": 100.0, "task_18/loss": 0.0004210702609270811, "task_18/loss_ce": 0.006001885514706373, "task_18/loss_kd (logit)": 0.05828064680099487, "task_18/loss_kd (att)": 0.006218101363629103, "task_18/loss_mr (att)": 0.0, "task_18/loss_div": 0.5856187343597412, "task_18/loss_reg": 0.0, "task_18/train_top1": 100.0, "task_18/lr": 0.0005, "task_18/train_top5": 100.0, "task_19/loss": 0.0001661965943640098, "task_19/loss_ce": 0.00018003990408033133, "task_19/loss_kd (logit)": 0.11640435457229614, "task_19/loss_kd (att)": 0.008663125336170197, "task_19/loss_mr (att)": 0.0, "task_19/loss_div": 0.6186128258705139, "task_19/loss_reg": 0.0, "task_19/train_top1": 100.0, "task_19/lr": 0.0005, "task_19/train_top5": 100.0, "task_20/loss": 0.001072437851689756, "task_20/loss_ce": 0.0003409423807170242, "task_20/loss_kd (logit)": 0.6542267799377441, "task_20/loss_kd (att)": 0.013944048434495926, "task_20/loss_mr (att)": 0.0, "task_20/loss_div": 0.5477579832077026, "task_20/loss_reg": 0.0, "task_20/train_top1": 100.0, "task_20/lr": 0.0005, "task_20/train_top5": 100.0, "task_21/loss": 0.00014597270637750626, "task_21/loss_ce": 0.00017347020911984146, "task_21/loss_kd (logit)": 0.0019982713274657726, "task_21/loss_kd (att)": 0.0002968648914247751, "task_21/loss_mr (att)": 0.0, "task_21/loss_div": 0.6167894601821899, "task_21/loss_reg": 0.0, "task_21/train_top1": 100.0, "task_21/lr": 0.0005, "task_21/train_top5": 100.0, "task_22/loss": 0.0005086457240395248, "task_22/loss_ce": 0.00905800424516201, "task_22/loss_kd (logit)": 0.0007295911200344563, "task_22/loss_kd (att)": 0.00012427294859662652, "task_22/loss_mr (att)": 0.0, "task_22/loss_div": 0.5956401228904724, "task_22/loss_reg": 0.0, "task_22/train_top1": 100.0,