{"task_0/loss": 0.08803260713668153, "task_0/loss_ce": 0.02494964778560472, "task_0/loss_kd (logit)": 0.0, "task_0/loss_kd (att)": 0.0, "task_0/loss_mr (att)": 0.0, "task_0/loss_div": 0.6308295850706572, "task_0/loss_reg": 0.0, "task_0/train_top1": 99.35024752475248, "task_0/lr": 1.0000000000000003e-05, "_timestamp": 1647553232, "_runtime": 17716, "_step": 753, "val_top1": 94.08602150537635, "val_top1 (NME)": 75.26881720430107, "task_1/loss": 0.08017554879188538, "task_1/loss_ce": 0.0004798345034942031, "task_1/loss_kd (logit)": 1.2050811052322388, "task_1/loss_kd (att)": 0.10487557202577591, "task_1/loss_mr (att)": 0.0, "task_1/loss_div": 0.639312744140625, "task_1/loss_reg": 0.0, "task_1/train_top1": 96.875, "task_1/lr": 0.0005, "task_1/train_top5": 100.0, "task_2/loss": 0.001281327335163951, "task_2/loss_ce": 0.0012721226084977388, "task_2/loss_kd (logit)": 1.1984317302703857, "task_2/loss_kd (att)": 0.09763547033071518, "task_2/loss_mr (att)": 0.0, "task_2/loss_div": 0.5655523538589478, "task_2/loss_reg": 0.0, "task_2/train_top1": 100.0, "task_2/lr": 0.0005, "task_2/train_top5": 100.0, "task_3/loss": 0.0015590853290632367, "task_3/loss_ce": 0.001418591127730906, "task_3/loss_kd (logit)": 1.2046175003051758, "task_3/loss_kd (att)": 0.09719613939523697, "task_3/loss_mr (att)": 0.0, "task_3/loss_div": 0.6809247732162476, "task_3/loss_reg": 0.0, "task_3/train_top1": 100.0, "task_3/lr": 0.0005, "task_3/train_top5": 100.0, "task_4/loss": 0.002163807861506939, "task_4/loss_ce": 0.02086518704891205, "task_4/loss_kd (logit)": 1.1789971590042114, "task_4/loss_kd (att)": 0.08892007917165756, "task_4/loss_mr (att)": 0.0, "task_4/loss_div": 0.5606804490089417, "task_4/loss_reg": 0.0, "task_4/train_top1": 100.0, "task_4/lr": 0.0005, "task_4/train_top5": 100.0, "task_5/loss": 0.004618230275809765, "task_5/loss_ce": 0.0014107686001807451, "task_5/loss_kd (logit)": 1.188014030456543, "task_5/loss_kd (att)": 0.09157310426235199, "task_5/loss_mr (att)": 0.0, "task_5/loss_div": 0.623729407787323, "task_5/loss_reg": 0.0, "task_5/train_top1": 100.0, "task_5/lr": 0.0005, "task_5/train_top5": 100.0, "task_6/loss": 0.002080419333651662, "task_6/loss_ce": 0.008147806860506535, "task_6/loss_kd (logit)": 1.1944303512573242, "task_6/loss_kd (att)": 0.08992445468902588, "task_6/loss_mr (att)": 0.0, "task_6/loss_div": 0.6135320067405701, "task_6/loss_reg": 0.0, "task_6/train_top1": 100.0, "task_6/lr": 0.0005, "task_6/train_top5": 100.0, "task_7/loss": 0.00037108047399669886, "task_7/loss_ce": 0.0012150909751653671, "task_7/loss_kd (logit)": 1.1739835739135742, "task_7/loss_kd (att)": 0.08032923936843872, "task_7/loss_mr (att)": 0.0, "task_7/loss_div": 0.5767887830734253, "task_7/loss_reg": 0.0, "task_7/train_top1": 100.0, "task_7/lr": 0.0005, "task_7/train_top5": 100.0, "task_8/loss": 0.0020556519739329815, "task_8/loss_ce": 0.005460238084197044, "task_8/loss_kd (logit)": 1.1789920330047607, "task_8/loss_kd (att)": 0.08225155621767044, "task_8/loss_mr (att)": 0.0, "task_8/loss_div": 0.619417667388916, "task_8/loss_reg": 0.0, "task_8/train_top1": 100.0, "task_8/lr": 0.0005, "task_8/train_top5": 100.0, "task_9/loss": 0.22579920291900635, "task_9/loss_ce": 0.07177071273326874, "task_9/loss_kd (logit)": 1.2277623414993286, "task_9/loss_kd (att)": 0.1141975075006485, "task_9/loss_mr (att)": 0.0, "task_9/loss_div": 0.6739109754562378, "task_9/loss_reg": 0.0, "task_9/train_top1": 100.0, "task_9/lr": 0.001}