{"task_2/loss": 1.4854295253753662, "task_2/loss_ce": 1.3594775199890137, "task_2/loss_kd (logit)": 0.9309337139129639, "task_2/loss_kd (att)": 0.05191778391599655, "task_2/loss_mr (att)": 0.0, "task_2/loss_div": 0.6245400905609131, "task_2/loss_reg": 0.0, "task_2/train_top1": 71.875, "task_2/lr": 0.001, "_timestamp": 1647164509, "_runtime": 19, "_step": 0, "_wandb": {"runtime": 30}}