{"task_0/loss": 0.08803260713668153, "task_0/loss_ce": 0.02494964778560472, "task_0/loss_kd (logit)": 0.0, "task_0/loss_kd (att)": 0.0, "task_0/loss_mr (att)": 0.0, "task_0/loss_div": 0.6308295850706572, "task_0/loss_reg": 0.0, "task_0/train_top1": 99.35024752475248, "task_0/lr": 1.0000000000000003e-05, "_timestamp": 1647845989, "_runtime": 4172, "_step": 101, "val_top1": 84.86118386589838, "val_top1 (NME)": 82.2420115243583, "_wandb": {"runtime": 4187}}