{"task_1/loss": 0.24587149918079376, "task_1/loss_ce": 0.08010581880807877, "task_1/loss_kd (logit)": 1.3102812767028809, "task_1/loss_kd (att)": 0.11709252744913101, "task_1/loss_mr (att)": 0.0, "task_1/loss_div": 0.6447196006774902, "task_1/loss_reg": 0.0, "task_1/train_top1": 100.0, "task_1/lr": 0.001, "_timestamp": 1647088561, "_runtime": 73, "_step": 4, "_wandb": {"runtime": 87}}