{"task_0/loss": 0.08803260713668153, "task_0/loss_ce": 0.02494964778560472, "task_0/loss_kd (logit)": 0.0, "task_0/loss_kd (att)": 0.0, "task_0/loss_mr (att)": 0.0, "task_0/loss_div": 0.6308295850706572, "task_0/loss_reg": 0.0, "task_0/train_top1": 99.35024752475248, "task_0/lr": 1.0000000000000003e-05, "_timestamp": 1647485826, "_runtime": 35920, "_step": 2551, "val_top1": 85.71428571428571, "val_top1 (NME)": 58.57142857142857, "task_1/loss": 0.0009206893155351281, "task_1/loss_ce": 0.0008115009404718876, "task_1/loss_kd (logit)": 1.1721129417419434, "task_1/loss_kd (att)": 0.08689886331558228, "task_1/loss_mr (att)": 0.0, "task_1/loss_div": 0.6514899730682373, "task_1/loss_reg": 0.0, "task_1/train_top1": 100.0, "task_1/lr": 0.0005, "task_1/train_top5": 100.0, "task_2/loss": 6.763346755178645e-05, "task_2/loss_ce": 0.0006367078167386353, "task_2/loss_kd (logit)": 1.1448869705200195, "task_2/loss_kd (att)": 0.07667853683233261, "task_2/loss_mr (att)": 0.0, "task_2/loss_div": 0.6293730139732361, "task_2/loss_reg": 0.0, "task_2/train_top1": 100.0, "task_2/lr": 0.0005, "task_2/train_top5": 100.0, "task_3/loss": 0.0002465552825015038, "task_3/loss_ce": 0.0006828297628089786, "task_3/loss_kd (logit)": 1.2050385475158691, "task_3/loss_kd (att)": 0.10403802990913391, "task_3/loss_mr (att)": 0.0, "task_3/loss_div": 0.5676785707473755, "task_3/loss_reg": 0.0, "task_3/train_top1": 100.0, "task_3/lr": 0.0005, "task_3/train_top5": 100.0, "task_4/loss": 0.0006667615962214768, "task_4/loss_ce": 0.0027375302743166685, "task_4/loss_kd (logit)": 1.1635732650756836, "task_4/loss_kd (att)": 0.08054215461015701, "task_4/loss_mr (att)": 0.0, "task_4/loss_div": 0.5965079069137573, "task_4/loss_reg": 0.0, "task_4/train_top1": 100.0, "task_4/lr": 0.0005, "task_4/train_top5": 100.0, "task_5/loss": 0.0007724850438535213, "task_5/loss_ce": 0.002013301244005561, "task_5/loss_kd (logit)": 1.1488971710205078, "task_5/loss_kd (att)": 0.06769859790802002, "task_5/loss_mr (att)": 0.0, "task_5/loss_div": 0.5824620723724365, "task_5/loss_reg": 0.0, "task_5/train_top1": 100.0, "task_5/lr": 0.0005, "task_5/train_top5": 100.0, "task_6/loss": 0.00038787105586379766, "task_6/loss_ce": 0.0012169620022177696, "task_6/loss_kd (logit)": 1.1748340129852295, "task_6/loss_kd (att)": 0.07433317601680756, "task_6/loss_mr (att)": 0.0, "task_6/loss_div": 0.610251784324646, "task_6/loss_reg": 0.0, "task_6/train_top1": 100.0, "task_6/lr": 0.0005, "task_6/train_top5": 100.0, "task_7/loss": 0.016560964286327362, "task_7/loss_ce": 0.00066280213650316, "task_7/loss_kd (logit)": 1.1586859226226807, "task_7/loss_kd (att)": 0.07701282203197479, "task_7/loss_mr (att)": 0.0, "task_7/loss_div": 0.5903067588806152, "task_7/loss_reg": 0.0, "task_7/train_top1": 100.0, "task_7/lr": 0.0005, "task_7/train_top5": 100.0, "task_8/loss": 0.0005826521664857864, "task_8/loss_ce": 0.0009144463110715151, "task_8/loss_kd (logit)": 1.1529083251953125, "task_8/loss_kd (att)": 0.07923644781112671, "task_8/loss_mr (att)": 0.0, "task_8/loss_div": 0.5921739935874939, "task_8/loss_reg": 0.0, "task_8/train_top1": 100.0, "task_8/lr": 0.0005, "task_8/train_top5": 100.0, "task_9/loss": 6.97321374900639e-05, "task_9/loss_ce": 0.0006374560762196779, "task_9/loss_kd (logit)": 1.1341230869293213, "task_9/loss_kd (att)": 0.06296522170305252, "task_9/loss_mr (att)": 0.0, "task_9/loss_div": 0.5809599757194519, "task_9/loss_reg": 0.0, "task_9/train_top1": 100.0, "task_9/lr": 0.0005, "task_9/train_top5": 100.0, "task_10/loss": 0.00019596853235270828, "task_10/loss_ce": 0.0031799606513231993, "task_10/loss_kd (logit)": 1.157281517982483, "task_10/loss_kd (att)": 0.07756847143173218, "task_10/loss_mr (att)": 0.0, "task_10/loss_div": 0.5920624136924744, "task_10/loss_reg": 0.0, "task_10/train_top1": 100.0, "task_10/lr": 0.0005, "task_10/train_top5": 100.0, "task_11/loss": 0.0017291340045630932, "task_11/loss_ce": 0.0005220317980274558, "task_11/loss_kd (logit)": 1.1173534393310547, "task_11/loss_kd (att)": 0.06399156898260117, "task_11/loss_mr (att)": 0.0, "task_11/loss_div": 0.600061297416687, "task_11/loss_reg": 0.0, "task_11/train_top1": 100.0, "task_11/lr": 0.0005, "task_11/train_top5": 100.0, "task_12/loss": 0.000510689802467823, "task_12/loss_ce": 0.001529044471681118, "task_12/loss_kd (logit)": 1.1526073217391968, "task_12/loss_kd (att)": 0.07077053189277649, "task_12/loss_mr (att)": 0.0, "task_12/loss_div": 0.5828033685684204, "task_12/loss_reg": 0.0, "task_12/train_top1": 100.0, "task_12/lr": 0.0005, "task_12/train_top5": 100.0, "task_13/loss": 7.29910098016262e-05, "task_13/loss_ce": 0.001137519022449851, "task_13/loss_kd (logit)": 1.1838805675506592, "task_13/loss_kd (att)": 0.0862998366355896, "task_13/loss_mr (att)": 0.0, "task_13/loss_div": 0.516438364982605, "task_13/loss_reg": 0.0, "task_13/train_top1": 100.0, "task_13/lr": 0.0005, "task_13/train_top5": 100.0, "task_14/loss": 8.2691345596686e-05, "task_14/loss_ce": 0.00022193475160747766, "task_14/loss_kd (logit)": 1.1636326313018799, "task_14/loss_kd (att)": 0.07579836249351501, "task_14/loss_mr (att)": 0.0, "task_14/loss_div": 0.5676411986351013, "task_14/loss_reg": 0.0, "task_14/train_top1": 100.0, "task_14/lr": 0.0005, "task_14/train_top5": 100.0, "task_15/loss": 0.00016850460087880492, "task_15/loss_ce": 0.006423023995012045, "task_15/loss_kd (logit)": 1.1542056798934937, "task_15/loss_kd (att)": 0.06528547406196594, "task_15/loss_mr (att)": 0.0, "task_15/loss_div": 0.5633609890937805, "task_15/loss_reg": 0.0, "task_15/train_top1": 100.0, "task_15/lr": 0.0005, "task_15/train_top5": 100.0, "task_16/loss": 0.0002780305512715131, "task_16/loss_ce": 0.00033128992072306573, "task_16/loss_kd (logit)": 1.1213617324829102, "task_16/loss_kd (att)": 0.047043703496456146, "task_16/loss_mr (att)": 0.0, "task_16/loss_div": 0.5162768363952637, "task_16/loss_reg": 0.0, "task_16/train_top1": 100.0, "task_16/lr": 0.0005, "task_16/train_top5": 100.0, "task_17/loss": 0.0007734775426797569, "task_17/loss_ce": 0.00016877215239219368, "task_17/loss_kd (logit)": 1.1357421875, "task_17/loss_kd (att)": 0.05519314855337143, "task_17/loss_mr (att)": 0.0, "task_17/loss_div": 0.5593412518501282, "task_17/loss_reg": 0.0, "task_17/train_top1": 100.0, "task_17/lr": 0.0005, "task_17/train_top5": 100.0, "task_18/loss": 0.00033883226569741964, "task_18/loss_ce": 0.0028054325375705957, "task_18/loss_kd (logit)": 1.1508009433746338, "task_18/loss_kd (att)": 0.07726980000734329, "task_18/loss_mr (att)": 0.0, "task_18/loss_div": 0.5949447154998779, "task_18/loss_reg": 0.0, "task_18/train_top1": 100.0, "task_18/lr": 0.0005, "task_18/train_top5": 100.0, "task_19/loss": 0.0004987794673070312, "task_19/loss_ce": 0.0031112313736230135, "task_19/loss_kd (logit)": 1.147000789642334, "task_19/loss_kd (att)": 0.07014866173267365, "task_19/loss_mr (att)": 0.0, "task_19/loss_div": 0.6237881183624268, "task_19/loss_reg": 0.0, "task_19/train_top1": 100.0, "task_19/lr": 0.0005, "task_19/train_top5": 100.0, "task_20/loss": 0.0012819725088775158, "task_20/loss_ce": 0.000804397277534008, "task_20/loss_kd (logit)": 1.1365612745285034, "task_20/loss_kd (att)": 0.06537479162216187, "task_20/loss_mr (att)": 0.0, "task_20/loss_div": 0.5625596642494202, "task_20/loss_reg": 0.0, "task_20/train_top1": 100.0, "task_20/lr": 0.0005, "task_20/train_top5": 100.0, "task_21/loss": 0.0003624700475484133, "task_21/loss_ce": 0.0001212610222864896, "task_21/loss_kd (logit)": 1.1445879936218262, "task_21/loss_kd (att)": 0.06870448589324951, "task_21/loss_mr (att)": 0.0, "task_21/loss_div": 0.6201969981193542, "task_21/loss_reg": 0.0, "task_21/train_top1": 100.0, "task_21/lr": 0.0005, "task_21/train_top5": 100.0, "task_22/loss": 0.00012863369192928076, "task_22/loss_ce": 0.008423139341175556, "task_22/loss_kd (logit)": 1.150355339050293, "task_22/loss_kd (att)": 0.06744752824306488, "task_22/loss_mr (att)": 0.0, "task_22/loss_div": 0.5920200943946838, "task_22/loss_reg": 0.0, "task_22/train_top1": 100.0, "task_22/lr": 0.0005,