{"task_0/loss": 0.08803260713668153, "task_0/loss_ce": 0.02494964778560472, "task_0/loss_kd (logit)": 0.0, "task_0/loss_kd (att)": 0.0, "task_0/loss_mr (att)": 0.0, "task_0/loss_div": 0.6308295850706572, "task_0/loss_reg": 0.0, "task_0/train_top1": 99.35024752475248, "task_0/lr": 1.0000000000000003e-05, "_timestamp": 1647677707, "_runtime": 13689, "_step": 491, "val_top1": 90.20618556701031, "val_top1 (NME)": 77.0618556701031, "task_1/loss": 0.0005447214934974909, "task_1/loss_ce": 0.0003484647604636848, "task_1/loss_kd (logit)": 1.2148211002349854, "task_1/loss_kd (att)": 0.09997524321079254, "task_1/loss_mr (att)": 0.0, "task_1/loss_div": 0.6307394504547119, "task_1/loss_reg": 0.0, "task_1/train_top1": 100.0, "task_1/lr": 0.0005, "task_1/train_top5": 100.0, "task_2/loss": 0.006055375095456839, "task_2/loss_ce": 0.002567737130448222, "task_2/loss_kd (logit)": 0.17331472039222717, "task_2/loss_kd (att)": 0.04851093515753746, "task_2/loss_mr (att)": 0.0, "task_2/loss_div": 0.6254379153251648, "task_2/loss_reg": 0.0, "task_2/train_top1": 100.0, "task_2/lr": 0.0005, "task_2/train_top5": 100.0, "task_3/loss": 0.0029359646141529083, "task_3/loss_ce": 0.0007942179800011218, "task_3/loss_kd (logit)": 0.982207715511322, "task_3/loss_kd (att)": 0.06818017363548279, "task_3/loss_mr (att)": 0.0, "task_3/loss_div": 0.5959000587463379, "task_3/loss_reg": 0.0, "task_3/train_top1": 100.0, "task_3/lr": 0.0005, "task_3/train_top5": 100.0, "task_4/loss": 0.007945078425109386, "task_4/loss_ce": 0.006428506225347519, "task_4/loss_kd (logit)": 0.8889456987380981, "task_4/loss_kd (att)": 0.06291473656892776, "task_4/loss_mr (att)": 0.0, "task_4/loss_div": 0.612157940864563, "task_4/loss_reg": 0.0, "task_4/train_top1": 100.0, "task_4/lr": 0.0005, "task_4/train_top5": 100.0, "task_5/loss": 0.003493162803351879, "task_5/loss_ce": 0.0012841022107750177, "task_5/loss_kd (logit)": 0.8507044315338135, "task_5/loss_kd (att)": 0.05887080729007721, "task_5/loss_mr (att)": 0.0, "task_5/loss_div": 0.6684144735336304, "task_5/loss_reg": 0.0, "task_5/train_top1": 100.0, "task_5/lr": 0.0005, "task_5/train_top5": 100.0, "_wandb": {"runtime": 13690}}