{"task_0/loss": 0.08129963920553132, "task_0/loss_ce": 0.018212141584383675, "task_0/loss_kd (logit)": 0.0, "task_0/loss_kd (att)": 0.0, "task_0/loss_mr (att)": 0.0, "task_0/loss_div": 0.6308749678111313, "task_0/loss_reg": 0.0, "task_0/train_top1": 99.53589108910892, "task_0/lr": 1.0000000000000003e-05, "_timestamp": 1647266166, "_runtime": 4491, "_step": 99, "_wandb": {"runtime": 4524}}