{"task_0/loss": 3.991291142926358, "task_0/loss_ce": 3.929007072259884, "task_0/loss_kd (logit)": 0.0, "task_0/loss_kd (att)": 0.0, "task_0/loss_mr (att)": 0.0, "task_0/loss_div": 0.6228407007632869, "task_0/loss_reg": 0.0, "task_0/train_top1": 3.589108910891089, "task_0/lr": 0.001, "_timestamp": 1662276293, "_runtime": 77, "_step": 1, "_wandb": {"runtime": 78}}