{"task_25/loss": 0.26920372247695923, "task_25/loss_ce": 0.033543940633535385, "task_25/loss_kd (logit)": 0.25411614775657654, "task_25/loss_kd (att)": 0.07499091327190399, "task_25/loss_mr (att)": 0.0, "task_25/loss_div": 0.5949876308441162, "task_25/loss_reg": 0.0, "task_25/train_top1": 96.875, "task_25/lr": 0.001, "_timestamp": 1647527371, "_runtime": 73, "_step": 2, "_wandb": {"runtime": 92}}