{"task_11/loss": 0.0001811245601857081, "task_11/loss_ce": 0.009574135765433311, "task_11/loss_kd (logit)": 0.2086462378501892, "task_11/loss_kd (att)": 0.04128853231668472, "task_11/loss_mr (att)": 0.0, "task_11/loss_div": 0.622795581817627, "task_11/loss_reg": 0.0, "task_11/train_top1": 100.0, "task_11/lr": 0.0005, "_timestamp": 1646851186, "_runtime": 22119, "_step": 1619, "task_11/train_top5": 100.0, "val_top1": 88.57142857142857, "val_top1 (NME)": 57.142857142857146, "task_12/loss": 0.00041881701326929033, "task_12/loss_ce": 0.001211454626172781, "task_12/loss_kd (logit)": 0.21698717772960663, "task_12/loss_kd (att)": 0.03957250341773033, "task_12/loss_mr (att)": 0.0, "task_12/loss_div": 0.6146970391273499, "task_12/loss_reg": 0.0, "task_12/train_top1": 100.0, "task_12/lr": 0.0005, "task_12/train_top5": 100.0, "task_13/loss": 6.002577720209956e-05, "task_13/loss_ce": 0.001840782817453146, "task_13/loss_kd (logit)": 0.2358127385377884, "task_13/loss_kd (att)": 0.04251065105199814, "task_13/loss_mr (att)": 0.0, "task_13/loss_div": 0.5261794924736023, "task_13/loss_reg": 0.0, "task_13/train_top1": 100.0, "task_13/lr": 0.0005, "task_13/train_top5": 100.0, "task_14/loss": 0.0017232319805771112, "task_14/loss_ce": 0.0024334839545190334, "task_14/loss_kd (logit)": 0.22357077896595, "task_14/loss_kd (att)": 0.03418531268835068, "task_14/loss_mr (att)": 0.0, "task_14/loss_div": 0.5668926239013672, "task_14/loss_reg": 0.0, "task_14/train_top1": 100.0, "task_14/lr": 0.0005, "task_14/train_top5": 100.0, "task_15/loss": 0.003499842481687665, "task_15/loss_ce": 0.0037227184511721134, "task_15/loss_kd (logit)": 0.2165563404560089, "task_15/loss_kd (att)": 0.03537957742810249, "task_15/loss_mr (att)": 0.0, "task_15/loss_div": 0.5910996198654175, "task_15/loss_reg": 0.0, "task_15/train_top1": 100.0, "task_15/lr": 0.0005, "task_15/train_top5": 100.0, "task_16/loss": 0.00038589767063967884, "task_16/loss_ce": 0.0007052571163512766, "task_16/loss_kd (logit)": 0.22241225838661194, "task_16/loss_kd (att)": 0.03699676692485809, "task_16/loss_mr (att)": 0.0, "task_16/loss_div": 0.5312881469726562, "task_16/loss_reg": 0.0, "task_16/train_top1": 100.0, "task_16/lr": 0.0005, "task_16/train_top5": 100.0, "task_17/loss": 0.0017304114298895001, "task_17/loss_ce": 0.0010795388370752335, "task_17/loss_kd (logit)": 0.2173624336719513, "task_17/loss_kd (att)": 0.03931313380599022, "task_17/loss_mr (att)": 0.0, "task_17/loss_div": 0.552484929561615, "task_17/loss_reg": 0.0, "task_17/train_top1": 100.0, "task_17/lr": 0.0005, "task_17/train_top5": 100.0, "task_18/loss": 0.00044656236423179507, "task_18/loss_ce": 0.000887468340806663, "task_18/loss_kd (logit)": 0.22201484441757202, "task_18/loss_kd (att)": 0.04134683683514595, "task_18/loss_mr (att)": 0.0, "task_18/loss_div": 0.6082874536514282, "task_18/loss_reg": 0.0, "task_18/train_top1": 100.0, "task_18/lr": 0.0005, "task_18/train_top5": 100.0, "task_19/loss": 0.0004500694340094924, "task_19/loss_ce": 0.003200934734195471, "task_19/loss_kd (logit)": 0.2121858149766922, "task_19/loss_kd (att)": 0.030088867992162704, "task_19/loss_mr (att)": 0.0, "task_19/loss_div": 0.6332060694694519, "task_19/loss_reg": 0.0, "task_19/train_top1": 100.0, "task_19/lr": 0.0005, "task_19/train_top5": 100.0, "task_20/loss": 7.986267155501992e-05, "task_20/loss_ce": 0.0002373415627516806, "task_20/loss_kd (logit)": 0.2064700722694397, "task_20/loss_kd (att)": 0.02899947389960289, "task_20/loss_mr (att)": 0.0, "task_20/loss_div": 0.6309131979942322, "task_20/loss_reg": 0.0, "task_20/train_top1": 100.0, "task_20/lr": 0.0005, "task_20/train_top5": 100.0, "task_21/loss": 0.0006661016377620399, "task_21/loss_ce": 0.0010226935846731067, "task_21/loss_kd (logit)": 0.21276776492595673, "task_21/loss_kd (att)": 0.03741469234228134, "task_21/loss_mr (att)": 0.0, "task_21/loss_div": 0.6129650473594666, "task_21/loss_reg": 0.0, "task_21/train_top1": 100.0, "task_21/lr": 0.0005, "task_21/train_top5": 100.0, "task_22/loss": 4.817032458959147e-05, "task_22/loss_ce": 0.0004366468347143382, "task_22/loss_kd (logit)": 0.21722911298274994, "task_22/loss_kd (att)": 0.047528453171253204, "task_22/loss_mr (att)": 0.0, "task_22/loss_div": 0.6397780179977417, "task_22/loss_reg": 0.0, "task_22/train_top1": 100.0, "task_22/lr": 0.0005, "task_22/train_top5": 100.0, "task_23/loss": 0.0003400433633942157, "task_23/loss_ce": 0.001371457939967513, "task_23/loss_kd (logit)": 0.20694676041603088, "task_23/loss_kd (att)": 0.03775100037455559, "task_23/loss_mr (att)": 0.0, "task_23/loss_div": 0.6748679876327515, "task_23/loss_reg": 0.0, "task_23/train_top1": 100.0, "task_23/lr": 0.0005, "task_23/train_top5": 100.0, "task_24/loss": 0.0011915966169908643, "task_24/loss_ce": 0.0009288438595831394, "task_24/loss_kd (logit)": 0.21254783868789673, "task_24/loss_kd (att)": 0.030699588358402252, "task_24/loss_mr (att)": 0.0, "task_24/loss_div": 0.618898868560791, "task_24/loss_reg": 0.0, "task_24/train_top1": 100.0, "task_24/lr": 0.0005, "task_24/train_top5": 100.0, "task_25/loss": 0.000795809319242835, "task_25/loss_ce": 0.0038117924705147743, "task_25/loss_kd (logit)": 0.21991825103759766, "task_25/loss_kd (att)": 0.03759569674730301, "task_25/loss_mr (att)": 0.0, "task_25/loss_div": 0.5937250256538391, "task_25/loss_reg": 0.0, "task_25/train_top1": 100.0, "task_25/lr": 0.0005, "task_25/train_top5": 100.0, "_wandb": {"runtime": 22115}}