{"task_0/loss": 0.07891779392957687, "task_0/loss_ce": 0.012572349049150944, "task_0/loss_kd (logit)": 0.0, "task_0/loss_kd (att)": 0.0, "task_0/loss_mr (att)": 0.0, "task_0/loss_div": 0.6634544730186462, "task_0/loss_reg": 0.0, "task_0/train_top1": 100.0, "task_0/lr": 0.0001, "_timestamp": 1662184338, "_runtime": 3341, "_step": 54, "_wandb": {"runtime": 3388}}