{"task_0/loss": 0.08594886903272997, "task_0/loss_ce": 0.022426779645306087, "task_0/loss_kd (logit)": 0.0, "task_0/loss_kd (att)": 0.0, "task_0/loss_mr (att)": 0.0, "task_0/loss_div": 0.6352208776049094, "task_0/loss_reg": 0.0, "task_0/train_top1": 99.4740099009901, "task_0/lr": 1.0000000000000003e-05, "_timestamp": 1648112909, "_runtime": 4403, "_step": 101, "val_top1": 88.03462320238413, "val_top1 (NME)": 85.9470468276387, "_wandb": {"runtime": 4419}}