{"task_0/loss": 3.9906130427181132, "task_0/loss_ce": 3.928418013128904, "task_0/loss_kd (logit)": 0.0, "task_0/loss_kd (att)": 0.0, "task_0/loss_mr (att)": 0.0, "task_0/loss_div": 0.6219502297958525, "task_0/loss_reg": 0.0, "task_0/train_top1": 2.8465346534653464, "task_0/lr": 0.001, "_timestamp": 1646929418, "_runtime": 88, "_step": 1, "_wandb": {"runtime": 97}}