{"task_0/loss": 0.08495948397287048, "task_0/loss_ce": 0.020224605133413513, "task_0/loss_kd (logit)": 0.0, "task_0/loss_kd (att)": 0.0, "task_0/loss_mr (att)": 0.0, "task_0/loss_div": 0.6473487704107077, "task_0/loss_reg": 0.0, "task_0/train_top1": 99.4740099009901, "task_0/lr": 1.0000000000000003e-05, "_timestamp": 1648091362, "_runtime": 38452, "_step": 2551, "val_top1": 90.76923076923077, "val_top1 (NME)": 80.0, "task_1/loss": 0.0008314070291817188, "task_1/loss_ce": 0.00027401093393564224, "task_1/loss_kd (logit)": 1.1595317125320435, "task_1/loss_kd (att)": 0.08040265738964081, "task_1/loss_mr (att)": 0.0, "task_1/loss_div": 0.6549584865570068, "task_1/loss_reg": 0.0, "task_1/train_top1": 100.0, "task_1/lr": 0.0005, "task_1/train_top5": 100.0, "task_2/loss": 0.0010648376774042845, "task_2/loss_ce": 0.00042994366958737373, "task_2/loss_kd (logit)": 0.6446311473846436, "task_2/loss_kd (att)": 0.043613385409116745, "task_2/loss_mr (att)": 0.0, "task_2/loss_div": 0.6324482560157776, "task_2/loss_reg": 0.0, "task_2/train_top1": 100.0, "task_2/lr": 0.0005, "task_2/train_top5": 100.0, "task_3/loss": 0.002459384500980377, "task_3/loss_ce": 0.0002538274566177279, "task_3/loss_kd (logit)": 0.0004604459973052144, "task_3/loss_kd (att)": 0.0006698240176774561, "task_3/loss_mr (att)": 0.0, "task_3/loss_div": 0.6615170240402222, "task_3/loss_reg": 0.0, "task_3/train_top1": 100.0, "task_3/lr": 0.0005, "task_3/train_top5": 100.0, "task_4/loss": 0.0015191989950835705, "task_4/loss_ce": 0.003008620347827673, "task_4/loss_kd (logit)": 0.0007486254908144474, "task_4/loss_kd (att)": 0.0013174467021599412, "task_4/loss_mr (att)": 0.0, "task_4/loss_div": 0.6534943580627441, "task_4/loss_reg": 0.0, "task_4/train_top1": 100.0, "task_4/lr": 0.0005, "task_4/train_top5": 100.0, "task_5/loss": 0.0002983841113746166, "task_5/loss_ce": 0.000530957942828536, "task_5/loss_kd (logit)": 0.006605440750718117, "task_5/loss_kd (att)": 0.008792804554104805, "task_5/loss_mr (att)": 0.0, "task_5/loss_div": 0.5835629105567932, "task_5/loss_reg": 0.0, "task_5/train_top1": 100.0, "task_5/lr": 0.0005, "task_5/train_top5": 100.0, "task_6/loss": 0.004150973632931709, "task_6/loss_ce": 0.00083078199531883, "task_6/loss_kd (logit)": 0.0014369257260113955, "task_6/loss_kd (att)": 0.0009663167293183506, "task_6/loss_mr (att)": 0.0, "task_6/loss_div": 0.6095019578933716, "task_6/loss_reg": 0.0, "task_6/train_top1": 100.0, "task_6/lr": 0.0005, "task_6/train_top5": 100.0, "task_7/loss": 0.0001054693348123692, "task_7/loss_ce": 0.0005804718821309507, "task_7/loss_kd (logit)": 0.003313640132546425, "task_7/loss_kd (att)": 0.0028831663075834513, "task_7/loss_mr (att)": 0.0, "task_7/loss_div": 0.6700245141983032, "task_7/loss_reg": 0.0, "task_7/train_top1": 100.0, "task_7/lr": 0.0005, "task_7/train_top5": 100.0, "task_8/loss": 0.001036968780681491, "task_8/loss_ce": 0.0005745826056227088, "task_8/loss_kd (logit)": 0.0004806266806554049, "task_8/loss_kd (att)": 0.0004510402795858681, "task_8/loss_mr (att)": 0.0, "task_8/loss_div": 0.5901395082473755, "task_8/loss_reg": 0.0, "task_8/train_top1": 100.0, "task_8/lr": 0.0005, "task_8/train_top5": 100.0, "task_9/loss": 0.0008282233029603958, "task_9/loss_ce": 0.00036734979948960245, "task_9/loss_kd (logit)": 0.0006089438102208078, "task_9/loss_kd (att)": 0.0008035169448703527, "task_9/loss_mr (att)": 0.0, "task_9/loss_div": 0.5755763649940491, "task_9/loss_reg": 0.0, "task_9/train_top1": 100.0, "task_9/lr": 0.0005, "task_9/train_top5": 100.0, "task_10/loss": 0.0004567309806589037, "task_10/loss_ce": 0.000533142767380923, "task_10/loss_kd (logit)": 0.0005122781731188297, "task_10/loss_kd (att)": 0.000707769300788641, "task_10/loss_mr (att)": 0.0, "task_10/loss_div": 0.5815294981002808, "task_10/loss_reg": 0.0, "task_10/train_top1": 100.0, "task_10/lr": 0.0005, "task_10/train_top5": 100.0, "task_11/loss": 0.00014069327153265476, "task_11/loss_ce": 0.0009401220013387501, "task_11/loss_kd (logit)": 0.0697215273976326, "task_11/loss_kd (att)": 0.029746104031801224, "task_11/loss_mr (att)": 0.0, "task_11/loss_div": 0.569847047328949, "task_11/loss_reg": 0.0, "task_11/train_top1": 100.0, "task_11/lr": 0.0005, "task_11/train_top5": 100.0, "task_12/loss": 0.00011536310194060206, "task_12/loss_ce": 0.024985818192362785, "task_12/loss_kd (logit)": 0.005567075684666634, "task_12/loss_kd (att)": 0.00784339476376772, "task_12/loss_mr (att)": 0.0, "task_12/loss_div": 0.5719919204711914, "task_12/loss_reg": 0.0, "task_12/train_top1": 100.0, "task_12/lr": 0.0005, "task_12/train_top5": 100.0, "task_13/loss": 0.0005930271581746638, "task_13/loss_ce": 0.009755496867001057, "task_13/loss_kd (logit)": 0.0016761883161962032, "task_13/loss_kd (att)": 0.001338738133199513, "task_13/loss_mr (att)": 0.0, "task_13/loss_div": 0.5835005044937134, "task_13/loss_reg": 0.0, "task_13/train_top1": 100.0, "task_13/lr": 0.0005, "task_13/train_top5": 100.0, "task_14/loss": 0.00011434715997893363, "task_14/loss_ce": 0.001484640990383923, "task_14/loss_kd (logit)": 0.2677609920501709, "task_14/loss_kd (att)": 0.04205076023936272, "task_14/loss_mr (att)": 0.0, "task_14/loss_div": 0.5682932138442993, "task_14/loss_reg": 0.0, "task_14/train_top1": 100.0, "task_14/lr": 0.0005, "task_14/train_top5": 100.0, "task_15/loss": 0.0004035713500343263, "task_15/loss_ce": 0.00011043206177419052, "task_15/loss_kd (logit)": 0.05090877413749695, "task_15/loss_kd (att)": 0.02323293127119541, "task_15/loss_mr (att)": 0.0, "task_15/loss_div": 0.6368289589881897, "task_15/loss_reg": 0.0, "task_15/train_top1": 100.0, "task_15/lr": 0.0005, "task_15/train_top5": 100.0, "task_16/loss": 0.0002157663693651557, "task_16/loss_ce": 0.0005323545774444938, "task_16/loss_kd (logit)": 0.0014383846428245306, "task_16/loss_kd (att)": 0.0007814972777850926, "task_16/loss_mr (att)": 0.0, "task_16/loss_div": 0.5329985618591309, "task_16/loss_reg": 0.0, "task_16/train_top1": 100.0, "task_16/lr": 0.0005, "task_16/train_top5": 100.0, "task_17/loss": 0.00019449212413746864, "task_17/loss_ce": 0.0017706637736409903, "task_17/loss_kd (logit)": 0.0042513166554272175, "task_17/loss_kd (att)": 0.0038672001101076603, "task_17/loss_mr (att)": 0.0, "task_17/loss_div": 0.6134073734283447, "task_17/loss_reg": 0.0, "task_17/train_top1": 100.0, "task_17/lr": 0.0005, "task_17/train_top5": 100.0, "task_18/loss": 0.0021339845843613148, "task_18/loss_ce": 0.00040448788786306977, "task_18/loss_kd (logit)": 0.024641668424010277, "task_18/loss_kd (att)": 0.017739713191986084, "task_18/loss_mr (att)": 0.0, "task_18/loss_div": 0.5630190968513489, "task_18/loss_reg": 0.0, "task_18/train_top1": 100.0, "task_18/lr": 0.0005, "task_18/train_top5": 100.0, "task_19/loss": 0.00013377770665101707, "task_19/loss_ce": 0.0005510479095391929, "task_19/loss_kd (logit)": 0.021498415619134903, "task_19/loss_kd (att)": 0.007539310492575169, "task_19/loss_mr (att)": 0.0, "task_19/loss_div": 0.544532835483551, "task_19/loss_reg": 0.0, "task_19/train_top1": 100.0, "task_19/lr": 0.0005, "task_19/train_top5": 100.0, "task_20/loss": 0.000531534431502223, "task_20/loss_ce": 0.0006087641231715679, "task_20/loss_kd (logit)": 0.6591954827308655, "task_20/loss_kd (att)": 0.05583107843995094, "task_20/loss_mr (att)": 0.0, "task_20/loss_div": 0.5707861185073853, "task_20/loss_reg": 0.0, "task_20/train_top1": 100.0, "task_20/lr": 0.0005, "task_20/train_top5": 100.0, "task_21/loss": 0.004172847140580416, "task_21/loss_ce": 0.002198180416598916, "task_21/loss_kd (logit)": 0.25463080406188965, "task_21/loss_kd (att)": 0.04169560596346855, "task_21/loss_mr (att)": 0.0, "task_21/loss_div": 0.5680564641952515, "task_21/loss_reg": 0.0, "task_21/train_top1": 100.0, "task_21/lr": 0.0005, "task_21/train_top5": 100.0, "task_22/loss": 0.0005112778162583709, "task_22/loss_ce": 0.0017530594486743212, "task_22/loss_kd (logit)": 0.0672561377286911, "task_22/loss_kd (att)": 0.0170002244412899, "task_22/loss_mr (att)": 0.0, "task_22/loss_div": 0.6173187494277954, "task_22/loss_reg": 0.0,