{"task_0/loss": 0.08129963920553132, "task_0/loss_ce": 0.018212141584383675, "task_0/loss_kd (logit)": 0.0, "task_0/loss_kd (att)": 0.0, "task_0/loss_mr (att)": 0.0, "task_0/loss_div": 0.6308749678111313, "task_0/loss_reg": 0.0, "task_0/train_top1": 99.53589108910892, "task_0/lr": 1.0000000000000003e-05, "_timestamp": 1646978745, "_runtime": 10321, "_step": 509, "val_top1": 100.0, "val_top1 (NME)": 89.13043445089589, "task_1/loss": 0.0009043385507538915, "task_1/loss_ce": 0.0023181745782494545, "task_1/loss_kd (logit)": 1.126330852508545, "task_1/loss_kd (att)": 0.0591663122177124, "task_1/loss_mr (att)": 0.0, "task_1/loss_div": 0.6357667446136475, "task_1/loss_reg": 0.0, "task_1/train_top1": 100.0, "task_1/lr": 0.0005, "task_1/train_top5": 100.0, "task_2/loss": 9.558694728184491e-05, "task_2/loss_ce": 0.0004002739442512393, "task_2/loss_kd (logit)": 0.016724690794944763, "task_2/loss_kd (att)": 0.008638941682875156, "task_2/loss_mr (att)": 0.0, "task_2/loss_div": 0.6261333227157593, "task_2/loss_reg": 0.0, "task_2/train_top1": 100.0, "task_2/lr": 0.0005, "task_2/train_top5": 100.0, "task_3/loss": 0.0007689906051382422, "task_3/loss_ce": 0.0008988343761302531, "task_3/loss_kd (logit)": 0.1674717515707016, "task_3/loss_kd (att)": 0.043294478207826614, "task_3/loss_mr (att)": 0.0, "task_3/loss_div": 0.5607326030731201, "task_3/loss_reg": 0.0, "task_3/train_top1": 100.0, "task_3/lr": 0.0005, "task_3/train_top5": 100.0, "task_4/loss": 0.0004830260295420885, "task_4/loss_ce": 0.0006972049013711512, "task_4/loss_kd (logit)": 0.03628559410572052, "task_4/loss_kd (att)": 0.011993519961833954, "task_4/loss_mr (att)": 0.0, "task_4/loss_div": 0.6052241325378418, "task_4/loss_reg": 0.0, "task_4/train_top1": 100.0, "task_4/lr": 0.0005, "task_4/train_top5": 100.0, "task_5/loss": 0.00011928568710573018, "task_5/loss_ce": 0.0009758303058333695, "task_5/loss_kd (logit)": 0.043585553765296936, "task_5/loss_kd (att)": 0.017719576135277748, "task_5/loss_mr (att)": 0.0, "task_5/loss_div": 0.5812214016914368, "task_5/loss_reg": 0.0, "task_5/train_top1": 100.0, "task_5/lr": 0.0005, "task_5/train_top5": 100.0, "task_6/loss": 0.07331101596355438, "task_6/loss_ce": 0.0014765525702387094, "task_6/loss_kd (logit)": 0.06991002708673477, "task_6/loss_kd (att)": 0.02600490115582943, "task_6/loss_mr (att)": 0.0, "task_6/loss_div": 0.6017208099365234, "task_6/loss_reg": 0.0, "task_6/train_top1": 100.0, "task_6/lr": 0.001, "_wandb": {"runtime": 10334}}