{"task_1/loss": 0.00016615686763543636, "task_1/loss_ce": 0.00013753518578596413, "task_1/loss_kd (logit)": 1.1367789506912231, "task_1/loss_kd (att)": 0.07612298429012299, "task_1/loss_mr (att)": 0.0, "task_1/loss_div": 0.6112868189811707, "task_1/loss_reg": 0.0, "task_1/train_top1": 100.0, "task_1/lr": 0.0005, "_timestamp": 1647848401, "_runtime": 807, "_step": 60, "task_1/train_top5": 100.0, "_wandb": {"runtime": 814}}