{"task_0/loss": 0.06470754742622375, "task_0/loss_ce": 0.0023223375901579857, "task_0/loss_kd (logit)": 0.0, "task_0/loss_kd (att)": 0.0, "task_0/loss_mr (att)": 0.0, "task_0/loss_div": 0.6238521337509155, "task_0/loss_reg": 0.0, "task_0/train_top1": 100.0, "task_0/lr": 1.0000000000000003e-05, "_timestamp": 1646719395, "_runtime": 3736, "_step": 66, "_wandb": {"runtime": 3773}}