{"task_1/loss": 0.22896131873130798, "task_1/loss_ce": 0.09459234774112701, "task_1/loss_kd (logit)": 1.2768807411193848, "task_1/loss_kd (att)": 0.14245495200157166, "task_1/loss_mr (att)": 0.0, "task_1/loss_div": 0.6279646158218384, "task_1/loss_reg": 0.0, "task_1/train_top1": 96.875, "task_1/lr": 0.001, "_timestamp": 1648114308, "_runtime": 189, "_step": 5, "_wandb": {"runtime": 217}}