{"task_5/loss": 5.6265363693237305, "task_5/loss_ce": 5.511292457580566, "task_5/loss_kd (logit)": 1.0865079164505005, "task_5/loss_kd (att)": 0.046596311032772064, "task_5/loss_mr (att)": 0.0, "task_5/loss_div": 0.6848922967910767, "task_5/loss_reg": 0.0, "task_5/train_top1": 78.125, "task_5/lr": 0.001, "_timestamp": 1648977213, "_runtime": 32, "_step": 0, "_wandb": {"runtime": 56}}