{"task_0/loss": 0.08803260713668153, "task_0/loss_ce": 0.02494964778560472, "task_0/loss_kd (logit)": 0.0, "task_0/loss_kd (att)": 0.0, "task_0/loss_mr (att)": 0.0, "task_0/loss_div": 0.6308295850706572, "task_0/loss_reg": 0.0, "task_0/train_top1": 99.35024752475248, "task_0/lr": 1.0000000000000003e-05, "_timestamp": 1647811245, "_runtime": 35178, "_step": 2551, "val_top1": 72.85714263916016, "val_top1 (NME)": 62.857142857142854, "task_1/loss": 0.0004940846120007336, "task_1/loss_ce": 0.001060485141351819, "task_1/loss_kd (logit)": 1.1574647426605225, "task_1/loss_kd (att)": 0.0213689636439085, "task_1/loss_mr (att)": 0.0, "task_1/loss_div": 0.6510112285614014, "task_1/loss_reg": 0.0, "task_1/train_top1": 100.0, "task_1/lr": 0.0005, "task_1/train_top5": 100.0, "task_2/loss": 4.855101360590197e-05, "task_2/loss_ce": 0.0010239023249596357, "task_2/loss_kd (logit)": 0.15203389525413513, "task_2/loss_kd (att)": 0.011017720215022564, "task_2/loss_mr (att)": 0.0, "task_2/loss_div": 0.6269522309303284, "task_2/loss_reg": 0.0, "task_2/train_top1": 100.0, "task_2/lr": 0.0005, "task_2/train_top5": 100.0, "task_3/loss": 0.002669156063348055, "task_3/loss_ce": 0.0002688764361664653, "task_3/loss_kd (logit)": 0.035611823201179504, "task_3/loss_kd (att)": 0.008772380650043488, "task_3/loss_mr (att)": 0.0, "task_3/loss_div": 0.562874436378479, "task_3/loss_reg": 0.0, "task_3/train_top1": 100.0, "task_3/lr": 0.0005, "task_3/train_top5": 100.0, "task_4/loss": 0.00157045922242105, "task_4/loss_ce": 0.00026988881290890276, "task_4/loss_kd (logit)": 0.018335990607738495, "task_4/loss_kd (att)": 0.0017776648746803403, "task_4/loss_mr (att)": 0.0, "task_4/loss_div": 0.6011821627616882, "task_4/loss_reg": 0.0, "task_4/train_top1": 100.0, "task_4/lr": 0.0005, "task_4/train_top5": 100.0, "task_5/loss": 0.00024434077204205096, "task_5/loss_ce": 0.0023506982252001762, "task_5/loss_kd (logit)": 0.38439857959747314, "task_5/loss_kd (att)": 0.01269217673689127, "task_5/loss_mr (att)": 0.0, "task_5/loss_div": 0.5779110789299011, "task_5/loss_reg": 0.0, "task_5/train_top1": 100.0, "task_5/lr": 0.0005, "task_5/train_top5": 100.0, "task_6/loss": 5.0405182264512405e-05, "task_6/loss_ce": 0.0008859695517458022, "task_6/loss_kd (logit)": 0.0328427292406559, "task_6/loss_kd (att)": 0.004720813129097223, "task_6/loss_mr (att)": 0.0, "task_6/loss_div": 0.6065765619277954, "task_6/loss_reg": 0.0, "task_6/train_top1": 100.0, "task_6/lr": 0.0005, "task_6/train_top5": 100.0, "task_7/loss": 0.002017108490690589, "task_7/loss_ce": 0.0024046367034316063, "task_7/loss_kd (logit)": 0.04474658891558647, "task_7/loss_kd (att)": 0.003419251414015889, "task_7/loss_mr (att)": 0.0, "task_7/loss_div": 0.5781298875808716, "task_7/loss_reg": 0.0, "task_7/train_top1": 100.0, "task_7/lr": 0.0005, "task_7/train_top5": 100.0, "task_8/loss": 0.00020589781343005598, "task_8/loss_ce": 0.00045822194078937173, "task_8/loss_kd (logit)": 0.9161696434020996, "task_8/loss_kd (att)": 0.016887446865439415, "task_8/loss_mr (att)": 0.0, "task_8/loss_div": 0.5873833298683167, "task_8/loss_reg": 0.0, "task_8/train_top1": 100.0, "task_8/lr": 0.0005, "task_8/train_top5": 100.0, "task_9/loss": 0.0002372864109929651, "task_9/loss_ce": 0.00026745159993879497, "task_9/loss_kd (logit)": 0.006711333524435759, "task_9/loss_kd (att)": 0.0007455418817698956, "task_9/loss_mr (att)": 0.0, "task_9/loss_div": 0.5764814615249634, "task_9/loss_reg": 0.0, "task_9/train_top1": 100.0, "task_9/lr": 0.0005, "task_9/train_top5": 100.0, "task_10/loss": 6.622319051530212e-05, "task_10/loss_ce": 0.0016459821490570903, "task_10/loss_kd (logit)": 0.14331641793251038, "task_10/loss_kd (att)": 0.010986244305968285, "task_10/loss_mr (att)": 0.0, "task_10/loss_div": 0.585489809513092, "task_10/loss_reg": 0.0, "task_10/train_top1": 100.0, "task_10/lr": 0.0005, "task_10/train_top5": 100.0, "task_11/loss": 0.00017537314852233976, "task_11/loss_ce": 0.0021292525343596935, "task_11/loss_kd (logit)": 0.007309664506465197, "task_11/loss_kd (att)": 0.001640309696085751, "task_11/loss_mr (att)": 0.0, "task_11/loss_div": 0.5909092426300049, "task_11/loss_reg": 0.0, "task_11/train_top1": 100.0, "task_11/lr": 0.0005, "task_11/train_top5": 100.0, "task_12/loss": 0.00044719164725393057, "task_12/loss_ce": 0.0023055006749927998, "task_12/loss_kd (logit)": 0.061925534158945084, "task_12/loss_kd (att)": 0.007488209754228592, "task_12/loss_mr (att)": 0.0, "task_12/loss_div": 0.557588517665863, "task_12/loss_reg": 0.0, "task_12/train_top1": 100.0, "task_12/lr": 0.0005, "task_12/train_top5": 100.0, "task_13/loss": 0.00023085639986675233, "task_13/loss_ce": 0.0006231482839211822, "task_13/loss_kd (logit)": 0.09453384578227997, "task_13/loss_kd (att)": 0.010588145814836025, "task_13/loss_mr (att)": 0.0, "task_13/loss_div": 0.4986332058906555, "task_13/loss_reg": 0.0, "task_13/train_top1": 100.0, "task_13/lr": 0.0005, "task_13/train_top5": 100.0, "task_14/loss": 0.0024026480969041586, "task_14/loss_ce": 0.0008424761472269893, "task_14/loss_kd (logit)": 0.8624143004417419, "task_14/loss_kd (att)": 0.016712451353669167, "task_14/loss_mr (att)": 0.0, "task_14/loss_div": 0.5514016151428223, "task_14/loss_reg": 0.0, "task_14/train_top1": 100.0, "task_14/lr": 0.0005, "task_14/train_top5": 100.0, "task_15/loss": 0.00044866083771921694, "task_15/loss_ce": 0.008441975340247154, "task_15/loss_kd (logit)": 0.04093427211046219, "task_15/loss_kd (att)": 0.003107446478679776, "task_15/loss_mr (att)": 0.0, "task_15/loss_div": 0.5440588593482971, "task_15/loss_reg": 0.0, "task_15/train_top1": 100.0, "task_15/lr": 0.0005, "task_15/train_top5": 100.0, "task_16/loss": 5.121405411045998e-05, "task_16/loss_ce": 0.00047614198410883546, "task_16/loss_kd (logit)": 0.0027932054363191128, "task_16/loss_kd (att)": 0.00042091167415492237, "task_16/loss_mr (att)": 0.0, "task_16/loss_div": 0.4923507571220398, "task_16/loss_reg": 0.0, "task_16/train_top1": 100.0, "task_16/lr": 0.0005, "task_16/train_top5": 100.0, "task_17/loss": 0.0003348276950418949, "task_17/loss_ce": 0.0007284777238965034, "task_17/loss_kd (logit)": 0.005350499413907528, "task_17/loss_kd (att)": 0.0010965847177430987, "task_17/loss_mr (att)": 0.0, "task_17/loss_div": 0.5575482845306396, "task_17/loss_reg": 0.0, "task_17/train_top1": 100.0, "task_17/lr": 0.0005, "task_17/train_top5": 100.0, "task_18/loss": 0.0003886781050823629, "task_18/loss_ce": 0.0012322601396590471, "task_18/loss_kd (logit)": 0.16176974773406982, "task_18/loss_kd (att)": 0.011217769235372543, "task_18/loss_mr (att)": 0.0, "task_18/loss_div": 0.5833950638771057, "task_18/loss_reg": 0.0, "task_18/train_top1": 100.0, "task_18/lr": 0.0005, "task_18/train_top5": 100.0, "task_19/loss": 4.018310573883355e-05, "task_19/loss_ce": 0.0003586316015571356, "task_19/loss_kd (logit)": 0.037305399775505066, "task_19/loss_kd (att)": 0.0035056506749242544, "task_19/loss_mr (att)": 0.0, "task_19/loss_div": 0.6178211569786072, "task_19/loss_reg": 0.0, "task_19/train_top1": 100.0, "task_19/lr": 0.0005, "task_19/train_top5": 100.0, "task_20/loss": 0.00016963889356702566, "task_20/loss_ce": 0.0006743270787410438, "task_20/loss_kd (logit)": 0.6673836708068848, "task_20/loss_kd (att)": 0.015643693506717682, "task_20/loss_mr (att)": 0.0, "task_20/loss_div": 0.5535695552825928, "task_20/loss_reg": 0.0, "task_20/train_top1": 100.0, "task_20/lr": 0.0005, "task_20/train_top5": 100.0, "task_21/loss": 0.0001263818412553519, "task_21/loss_ce": 0.00042849109740927815, "task_21/loss_kd (logit)": 0.000624417734798044, "task_21/loss_kd (att)": 0.0001086003685486503, "task_21/loss_mr (att)": 0.0, "task_21/loss_div": 0.6042516231536865, "task_21/loss_reg": 0.0, "task_21/train_top1": 100.0, "task_21/lr": 0.0005, "task_21/train_top5": 100.0, "task_22/loss": 0.00013866860535927117, "task_22/loss_ce": 0.0033795544877648354, "task_22/loss_kd (logit)": 0.27160799503326416, "task_22/loss_kd (att)": 0.008970814757049084, "task_22/loss_mr (att)": 0.0, "task_22/loss_div": 0.5879664421081543, "task_22/loss_reg": 0.0,