{"task_0/loss": 0.0882597200129882, "task_0/loss_ce": 0.02487336164631415, "task_0/loss_kd (logit)": 0.0, "task_0/loss_kd (att)": 0.0, "task_0/loss_mr (att)": 0.0, "task_0/loss_div": 0.6338635706665492, "task_0/loss_reg": 0.0, "task_0/train_top1": 99.19554455445545, "task_0/lr": 1.0000000000000003e-05, "_timestamp": 1647887629, "_runtime": 4531, "_step": 99, "_wandb": {"runtime": 4673}}