{"task_1/loss": 0.0011751878773793578, "task_1/loss_ce": 0.0009281262755393982, "task_1/loss_kd (logit)": 1.2267467975616455, "task_1/loss_kd (att)": 0.11572960019111633, "task_1/loss_mr (att)": 0.0, "task_1/loss_div": 0.6716444492340088, "task_1/loss_reg": 0.0, "task_1/train_top1": 100.0, "task_1/lr": 0.0005, "_timestamp": 1648125399, "_runtime": 11048, "_step": 389, "task_1/train_top5": 100.0, "val_top1": 88.82681555721346, "val_top1 (NME)": 76.81564237285593, "task_2/loss": 0.006413882598280907, "task_2/loss_ce": 0.004679999779909849, "task_2/loss_kd (logit)": 1.1689438819885254, "task_2/loss_kd (att)": 0.0940525010228157, "task_2/loss_mr (att)": 0.0, "task_2/loss_div": 0.6738945245742798, "task_2/loss_reg": 0.0, "task_2/train_top1": 100.0, "task_2/lr": 0.0005, "task_2/train_top5": 100.0, "task_3/loss": 0.003547957632690668, "task_3/loss_ce": 0.0009018435957841575, "task_3/loss_kd (logit)": 1.160799503326416, "task_3/loss_kd (att)": 0.08932048082351685, "task_3/loss_mr (att)": 0.0, "task_3/loss_div": 0.6583602428436279, "task_3/loss_reg": 0.0, "task_3/train_top1": 100.0, "task_3/lr": 0.0005, "task_3/train_top5": 100.0, "task_4/loss": 0.0016179310623556376, "task_4/loss_ce": 0.0166222732514143, "task_4/loss_kd (logit)": 1.1737905740737915, "task_4/loss_kd (att)": 0.09415442496538162, "task_4/loss_mr (att)": 0.0, "task_4/loss_div": 0.6581213474273682, "task_4/loss_reg": 0.0, "task_4/train_top1": 100.0, "task_4/lr": 0.0005, "task_4/train_top5": 100.0, "task_5/loss": 0.0002106758183799684, "task_5/loss_ce": 0.05172250047326088, "task_5/loss_kd (logit)": 1.2003636360168457, "task_5/loss_kd (att)": 0.11318910121917725, "task_5/loss_mr (att)": 0.0, "task_5/loss_div": 0.5226362943649292, "task_5/loss_reg": 0.0, "task_5/train_top1": 100.0, "task_5/lr": 0.0005, "task_5/train_top5": 100.0, "_wandb": {"runtime": 11048}}